"Unit_Code","Network","lat_rank","cycle","size_class","density","class","park_ord","strp_col"
"ACAD","NETN",39,1,"dbh_10cm",623.492063492063,10,"ACAD","#AACCA7"
"ACAD","NETN",39,1,"dbh_20cm",191.238095238095,20,"ACAD","#AACCA7"
"ACAD","NETN",39,1,"dbh_30cm",52.5714285714286,30,"ACAD","#AACCA7"
"ACAD","NETN",39,1,"dbh_40cm",17.015873015873,40,"ACAD","#AACCA7"
"ACAD","NETN",39,1,"dbh_50cm",3.04761904761905,50,"ACAD","#AACCA7"
"ACAD","NETN",39,1,"dbh_60cm",0,60,"ACAD","#AACCA7"
"ACAD","NETN",39,1,"dbh_70cm",0.253968253968254,70,"ACAD","#AACCA7"
"ACAD","NETN",39,1,"dbh_80cm",0,80,"ACAD","#AACCA7"
"ACAD","NETN",39,1,"dbh_90cm",0,90,"ACAD","#AACCA7"
"ACAD","NETN",39,1,"dbh_100cm",0,100,"ACAD","#AACCA7"
"ACAD","NETN",39,2,"dbh_10cm",630.808080808081,10,"ACAD","#AACCA7"
"ACAD","NETN",39,2,"dbh_20cm",211.363636363636,20,"ACAD","#AACCA7"
"ACAD","NETN",39,2,"dbh_30cm",58.5858585858586,30,"ACAD","#AACCA7"
"ACAD","NETN",39,2,"dbh_40cm",19.1919191919192,40,"ACAD","#AACCA7"
"ACAD","NETN",39,2,"dbh_50cm",3.78787878787879,50,"ACAD","#AACCA7"
"ACAD","NETN",39,2,"dbh_60cm",0,60,"ACAD","#AACCA7"
"ACAD","NETN",39,2,"dbh_70cm",0.252525252525253,70,"ACAD","#AACCA7"
"ACAD","NETN",39,2,"dbh_80cm",0,80,"ACAD","#AACCA7"
"ACAD","NETN",39,2,"dbh_90cm",0,90,"ACAD","#AACCA7"
"ACAD","NETN",39,2,"dbh_100cm",0,100,"ACAD","#AACCA7"
"ACAD","NETN",39,3,"dbh_10cm",625.50505050505,10,"ACAD","#AACCA7"
"ACAD","NETN",39,3,"dbh_20cm",220.707070707071,20,"ACAD","#AACCA7"
"ACAD","NETN",39,3,"dbh_30cm",58.3333333333333,30,"ACAD","#AACCA7"
"ACAD","NETN",39,3,"dbh_40cm",21.7171717171717,40,"ACAD","#AACCA7"
"ACAD","NETN",39,3,"dbh_50cm",4.29292929292929,50,"ACAD","#AACCA7"
"ACAD","NETN",39,3,"dbh_60cm",0.252525252525253,60,"ACAD","#AACCA7"
"ACAD","NETN",39,3,"dbh_70cm",0.252525252525253,70,"ACAD","#AACCA7"
"ACAD","NETN",39,3,"dbh_80cm",0,80,"ACAD","#AACCA7"
"ACAD","NETN",39,3,"dbh_90cm",0,90,"ACAD","#AACCA7"
"ACAD","NETN",39,3,"dbh_100cm",0,100,"ACAD","#AACCA7"
"ALPO","ERMN",29,1,"dbh_10cm",195.111714719558,10,"ALPO","#A5BDCD"
"ALPO","ERMN",29,1,"dbh_20cm",122.018504371446,20,"ALPO","#A5BDCD"
"ALPO","ERMN",29,1,"dbh_30cm",81.3456695809637,30,"ALPO","#A5BDCD"
"ALPO","ERMN",29,1,"dbh_40cm",41.2622961642569,40,"ALPO","#A5BDCD"
"ALPO","ERMN",29,1,"dbh_50cm",17.0943798394779,50,"ALPO","#A5BDCD"
"ALPO","ERMN",29,1,"dbh_60cm",5.89461373775099,60,"ALPO","#A5BDCD"
"ALPO","ERMN",29,1,"dbh_70cm",2.9473068688755,70,"ALPO","#A5BDCD"
"ALPO","ERMN",29,1,"dbh_80cm",0,80,"ALPO","#A5BDCD"
"ALPO","ERMN",29,1,"dbh_90cm",0.589461373775099,90,"ALPO","#A5BDCD"
"ALPO","ERMN",29,1,"dbh_100cm",0,100,"ALPO","#A5BDCD"
"ALPO","ERMN",29,2,"dbh_10cm",175.070028011204,10,"ALPO","#A5BDCD"
"ALPO","ERMN",29,2,"dbh_20cm",123.786888492771,20,"ALPO","#A5BDCD"
"ALPO","ERMN",29,2,"dbh_30cm",81.3456695809637,30,"ALPO","#A5BDCD"
"ALPO","ERMN",29,2,"dbh_40cm",43.0306802855822,40,"ALPO","#A5BDCD"
"ALPO","ERMN",29,2,"dbh_50cm",17.683841213253,50,"ALPO","#A5BDCD"
"ALPO","ERMN",29,2,"dbh_60cm",8.84192060662649,60,"ALPO","#A5BDCD"
"ALPO","ERMN",29,2,"dbh_70cm",2.3578454951004,70,"ALPO","#A5BDCD"
"ALPO","ERMN",29,2,"dbh_80cm",0,80,"ALPO","#A5BDCD"
"ALPO","ERMN",29,2,"dbh_90cm",0.589461373775099,90,"ALPO","#A5BDCD"
"ALPO","ERMN",29,2,"dbh_100cm",0,100,"ALPO","#A5BDCD"
"ALPO","ERMN",29,3,"dbh_10cm",150.473412505498,10,"ALPO","#A5BDCD"
"ALPO","ERMN",29,3,"dbh_20cm",106.746096050909,20,"ALPO","#A5BDCD"
"ALPO","ERMN",29,3,"dbh_30cm",82.3102427380502,30,"ALPO","#A5BDCD"
"ALPO","ERMN",29,3,"dbh_40cm",42.4412189118071,40,"ALPO","#A5BDCD"
"ALPO","ERMN",29,3,"dbh_50cm",19.2914631417305,50,"ALPO","#A5BDCD"
"ALPO","ERMN",29,3,"dbh_60cm",8.35963402808323,60,"ALPO","#A5BDCD"
"ALPO","ERMN",29,3,"dbh_70cm",3.21524385695509,70,"ALPO","#A5BDCD"
"ALPO","ERMN",29,3,"dbh_80cm",1.28609754278203,80,"ALPO","#A5BDCD"
"ALPO","ERMN",29,3,"dbh_90cm",0,90,"ALPO","#A5BDCD"
"ALPO","ERMN",29,3,"dbh_100cm",0,100,"ALPO","#A5BDCD"
"ANTI","NCRN",21,1,"dbh_10cm",165.722854798485,10,"ANTI","#E1E59B"
"ANTI","NCRN",21,1,"dbh_20cm",64.6723335798966,20,"ANTI","#E1E59B"
"ANTI","NCRN",21,1,"dbh_30cm",38.3991980630636,30,"ANTI","#E1E59B"
"ANTI","NCRN",21,1,"dbh_40cm",8.08404169748708,40,"ANTI","#E1E59B"
"ANTI","NCRN",21,1,"dbh_50cm",8.08404169748708,50,"ANTI","#E1E59B"
"ANTI","NCRN",21,1,"dbh_60cm",6.06303127311531,60,"ANTI","#E1E59B"
"ANTI","NCRN",21,1,"dbh_70cm",4.04202084874354,70,"ANTI","#E1E59B"
"ANTI","NCRN",21,1,"dbh_80cm",0,80,"ANTI","#E1E59B"
"ANTI","NCRN",21,1,"dbh_90cm",2.02101042437177,90,"ANTI","#E1E59B"
"ANTI","NCRN",21,1,"dbh_100cm",4.04202084874354,100,"ANTI","#E1E59B"
"ANTI","NCRN",21,2,"dbh_10cm",175.65948938498,10,"ANTI","#E1E59B"
"ANTI","NCRN",21,2,"dbh_20cm",89.5981288138151,20,"ANTI","#E1E59B"
"ANTI","NCRN",21,2,"dbh_30cm",42.4412189118071,30,"ANTI","#E1E59B"
"ANTI","NCRN",21,2,"dbh_40cm",9.43138198040159,40,"ANTI","#E1E59B"
"ANTI","NCRN",21,2,"dbh_50cm",7.07353648530119,50,"ANTI","#E1E59B"
"ANTI","NCRN",21,2,"dbh_60cm",7.07353648530119,60,"ANTI","#E1E59B"
"ANTI","NCRN",21,2,"dbh_70cm",2.3578454951004,70,"ANTI","#E1E59B"
"ANTI","NCRN",21,2,"dbh_80cm",1.1789227475502,80,"ANTI","#E1E59B"
"ANTI","NCRN",21,2,"dbh_90cm",1.1789227475502,90,"ANTI","#E1E59B"
"ANTI","NCRN",21,2,"dbh_100cm",2.3578454951004,100,"ANTI","#E1E59B"
"ANTI","NCRN",21,3,"dbh_10cm",162.14722097075,10,"ANTI","#E1E59B"
"ANTI","NCRN",21,3,"dbh_20cm",92.5000925000925,20,"ANTI","#E1E59B"
"ANTI","NCRN",21,3,"dbh_30cm",33.7353278529749,30,"ANTI","#E1E59B"
"ANTI","NCRN",21,3,"dbh_40cm",11.9706002058943,40,"ANTI","#E1E59B"
"ANTI","NCRN",21,3,"dbh_50cm",4.35294552941612,50,"ANTI","#E1E59B"
"ANTI","NCRN",21,3,"dbh_60cm",7.61765467647821,60,"ANTI","#E1E59B"
"ANTI","NCRN",21,3,"dbh_70cm",3.26470914706209,70,"ANTI","#E1E59B"
"ANTI","NCRN",21,3,"dbh_80cm",0,80,"ANTI","#E1E59B"
"ANTI","NCRN",21,3,"dbh_90cm",2.17647276470806,90,"ANTI","#E1E59B"
"ANTI","NCRN",21,3,"dbh_100cm",2.17647276470806,100,"ANTI","#E1E59B"
"APCO","MIDN",4,1,"dbh_10cm",368.75,10,"APCO","#E7CDA4"
"APCO","MIDN",4,1,"dbh_20cm",118.75,20,"APCO","#E7CDA4"
"APCO","MIDN",4,1,"dbh_30cm",32.1428571428571,30,"APCO","#E7CDA4"
"APCO","MIDN",4,1,"dbh_40cm",16.9642857142857,40,"APCO","#E7CDA4"
"APCO","MIDN",4,1,"dbh_50cm",7.14285714285714,50,"APCO","#E7CDA4"
"APCO","MIDN",4,1,"dbh_60cm",4.46428571428571,60,"APCO","#E7CDA4"
"APCO","MIDN",4,1,"dbh_70cm",2.67857142857143,70,"APCO","#E7CDA4"
"APCO","MIDN",4,1,"dbh_80cm",0.892857142857143,80,"APCO","#E7CDA4"
"APCO","MIDN",4,1,"dbh_90cm",0,90,"APCO","#E7CDA4"
"APCO","MIDN",4,1,"dbh_100cm",0.892857142857143,100,"APCO","#E7CDA4"
"APCO","MIDN",4,2,"dbh_10cm",351.785714285714,10,"APCO","#E7CDA4"
"APCO","MIDN",4,2,"dbh_20cm",133.928571428571,20,"APCO","#E7CDA4"
"APCO","MIDN",4,2,"dbh_30cm",43.75,30,"APCO","#E7CDA4"
"APCO","MIDN",4,2,"dbh_40cm",16.9642857142857,40,"APCO","#E7CDA4"
"APCO","MIDN",4,2,"dbh_50cm",9.82142857142857,50,"APCO","#E7CDA4"
"APCO","MIDN",4,2,"dbh_60cm",4.46428571428571,60,"APCO","#E7CDA4"
"APCO","MIDN",4,2,"dbh_70cm",2.67857142857143,70,"APCO","#E7CDA4"
"APCO","MIDN",4,2,"dbh_80cm",0.892857142857143,80,"APCO","#E7CDA4"
"APCO","MIDN",4,2,"dbh_90cm",0,90,"APCO","#E7CDA4"
"APCO","MIDN",4,2,"dbh_100cm",0.892857142857143,100,"APCO","#E7CDA4"
"APCO","MIDN",4,3,"dbh_10cm",328.571428571429,10,"APCO","#E7CDA4"
"APCO","MIDN",4,3,"dbh_20cm",138.392857142857,20,"APCO","#E7CDA4"
"APCO","MIDN",4,3,"dbh_30cm",53.5714285714286,30,"APCO","#E7CDA4"
"APCO","MIDN",4,3,"dbh_40cm",16.9642857142857,40,"APCO","#E7CDA4"
"APCO","MIDN",4,3,"dbh_50cm",8.92857142857143,50,"APCO","#E7CDA4"
"APCO","MIDN",4,3,"dbh_60cm",6.25,60,"APCO","#E7CDA4"
"APCO","MIDN",4,3,"dbh_70cm",2.67857142857143,70,"APCO","#E7CDA4"
"APCO","MIDN",4,3,"dbh_80cm",0.892857142857143,80,"APCO","#E7CDA4"
"APCO","MIDN",4,3,"dbh_90cm",0,90,"APCO","#E7CDA4"
"APCO","MIDN",4,3,"dbh_100cm",0.892857142857143,100,"APCO","#E7CDA4"
"BLUE","ERMN",6,1,"dbh_10cm",245.098039215686,10,"BLUE","#A5BDCD"
"BLUE","ERMN",6,1,"dbh_20cm",133.336162747927,20,"BLUE","#A5BDCD"
"BLUE","ERMN",6,1,"dbh_30cm",82.4067000537589,30,"BLUE","#A5BDCD"
"BLUE","ERMN",6,1,"dbh_40cm",37.1360665478313,40,"BLUE","#A5BDCD"
"BLUE","ERMN",6,1,"dbh_50cm",19.0985485103132,50,"BLUE","#A5BDCD"
"BLUE","ERMN",6,1,"dbh_60cm",7.42721330956625,60,"BLUE","#A5BDCD"
"BLUE","ERMN",6,1,"dbh_70cm",1.06103047279518,70,"BLUE","#A5BDCD"
"BLUE","ERMN",6,1,"dbh_80cm",0.35367682426506,80,"BLUE","#A5BDCD"
"BLUE","ERMN",6,1,"dbh_90cm",0.35367682426506,90,"BLUE","#A5BDCD"
"BLUE","ERMN",6,1,"dbh_100cm",0.35367682426506,100,"BLUE","#A5BDCD"
"BLUE","ERMN",6,2,"dbh_10cm",225.999490705373,10,"BLUE","#A5BDCD"
"BLUE","ERMN",6,2,"dbh_20cm",124.140565317036,20,"BLUE","#A5BDCD"
"BLUE","ERMN",6,2,"dbh_30cm",80.6383159324336,30,"BLUE","#A5BDCD"
"BLUE","ERMN",6,2,"dbh_40cm",38.9044506691566,40,"BLUE","#A5BDCD"
"BLUE","ERMN",6,2,"dbh_50cm",20.8669326316385,50,"BLUE","#A5BDCD"
"BLUE","ERMN",6,2,"dbh_60cm",7.42721330956625,60,"BLUE","#A5BDCD"
"BLUE","ERMN",6,2,"dbh_70cm",1.41470729706024,70,"BLUE","#A5BDCD"
"BLUE","ERMN",6,2,"dbh_80cm",0.35367682426506,80,"BLUE","#A5BDCD"
"BLUE","ERMN",6,2,"dbh_90cm",0.35367682426506,90,"BLUE","#A5BDCD"
"BLUE","ERMN",6,2,"dbh_100cm",0,100,"BLUE","#A5BDCD"
"BLUE","ERMN",6,3,"dbh_10cm",200.181082534024,10,"BLUE","#A5BDCD"
"BLUE","ERMN",6,3,"dbh_20cm",120.603797074385,20,"BLUE","#A5BDCD"
"BLUE","ERMN",6,3,"dbh_30cm",74.6258099199276,30,"BLUE","#A5BDCD"
"BLUE","ERMN",6,3,"dbh_40cm",39.6118043176867,40,"BLUE","#A5BDCD"
"BLUE","ERMN",6,3,"dbh_50cm",22.2816399286988,50,"BLUE","#A5BDCD"
"BLUE","ERMN",6,3,"dbh_60cm",8.13456695809637,60,"BLUE","#A5BDCD"
"BLUE","ERMN",6,3,"dbh_70cm",3.18309141838554,70,"BLUE","#A5BDCD"
"BLUE","ERMN",6,3,"dbh_80cm",0.35367682426506,80,"BLUE","#A5BDCD"
"BLUE","ERMN",6,3,"dbh_90cm",0.35367682426506,90,"BLUE","#A5BDCD"
"BLUE","ERMN",6,3,"dbh_100cm",0,100,"BLUE","#A5BDCD"
"BOWA","MIDN",1,1,"dbh_10cm",315.625,10,"BOWA","#E7CDA4"
"BOWA","MIDN",1,1,"dbh_20cm",134.375,20,"BOWA","#E7CDA4"
"BOWA","MIDN",1,1,"dbh_30cm",59.375,30,"BOWA","#E7CDA4"
"BOWA","MIDN",1,1,"dbh_40cm",18.75,40,"BOWA","#E7CDA4"
"BOWA","MIDN",1,1,"dbh_50cm",9.375,50,"BOWA","#E7CDA4"
"BOWA","MIDN",1,1,"dbh_60cm",3.125,60,"BOWA","#E7CDA4"
"BOWA","MIDN",1,1,"dbh_70cm",3.125,70,"BOWA","#E7CDA4"
"BOWA","MIDN",1,1,"dbh_80cm",0,80,"BOWA","#E7CDA4"
"BOWA","MIDN",1,1,"dbh_90cm",0,90,"BOWA","#E7CDA4"
"BOWA","MIDN",1,1,"dbh_100cm",0,100,"BOWA","#E7CDA4"
"BOWA","MIDN",1,2,"dbh_10cm",356.25,10,"BOWA","#E7CDA4"
"BOWA","MIDN",1,2,"dbh_20cm",103.125,20,"BOWA","#E7CDA4"
"BOWA","MIDN",1,2,"dbh_30cm",59.375,30,"BOWA","#E7CDA4"
"BOWA","MIDN",1,2,"dbh_40cm",25,40,"BOWA","#E7CDA4"
"BOWA","MIDN",1,2,"dbh_50cm",12.5,50,"BOWA","#E7CDA4"
"BOWA","MIDN",1,2,"dbh_60cm",6.25,60,"BOWA","#E7CDA4"
"BOWA","MIDN",1,2,"dbh_70cm",3.125,70,"BOWA","#E7CDA4"
"BOWA","MIDN",1,2,"dbh_80cm",0,80,"BOWA","#E7CDA4"
"BOWA","MIDN",1,2,"dbh_90cm",0,90,"BOWA","#E7CDA4"
"BOWA","MIDN",1,2,"dbh_100cm",0,100,"BOWA","#E7CDA4"
"BOWA","MIDN",1,3,"dbh_10cm",331.25,10,"BOWA","#E7CDA4"
"BOWA","MIDN",1,3,"dbh_20cm",93.75,20,"BOWA","#E7CDA4"
"BOWA","MIDN",1,3,"dbh_30cm",62.5,30,"BOWA","#E7CDA4"
"BOWA","MIDN",1,3,"dbh_40cm",28.125,40,"BOWA","#E7CDA4"
"BOWA","MIDN",1,3,"dbh_50cm",12.5,50,"BOWA","#E7CDA4"
"BOWA","MIDN",1,3,"dbh_60cm",3.125,60,"BOWA","#E7CDA4"
"BOWA","MIDN",1,3,"dbh_70cm",3.125,70,"BOWA","#E7CDA4"
"BOWA","MIDN",1,3,"dbh_80cm",0,80,"BOWA","#E7CDA4"
"BOWA","MIDN",1,3,"dbh_90cm",0,90,"BOWA","#E7CDA4"
"BOWA","MIDN",1,3,"dbh_100cm",0,100,"BOWA","#E7CDA4"
"CATO","NCRN",22,1,"dbh_10cm",126.16879363578,10,"CATO","#E1E59B"
"CATO","NCRN",22,1,"dbh_20cm",56.5882918824095,20,"CATO","#E1E59B"
"CATO","NCRN",22,1,"dbh_30cm",55.7221445576788,30,"CATO","#E1E59B"
"CATO","NCRN",22,1,"dbh_40cm",43.0186504616277,40,"CATO","#E1E59B"
"CATO","NCRN",22,1,"dbh_50cm",21.0762515684484,50,"CATO","#E1E59B"
"CATO","NCRN",22,1,"dbh_60cm",11.2599152214999,60,"CATO","#E1E59B"
"CATO","NCRN",22,1,"dbh_70cm",6.35174704802556,70,"CATO","#E1E59B"
"CATO","NCRN",22,1,"dbh_80cm",2.59844197419227,80,"CATO","#E1E59B"
"CATO","NCRN",22,1,"dbh_90cm",1.15486309964101,90,"CATO","#E1E59B"
"CATO","NCRN",22,1,"dbh_100cm",0.288715774910253,100,"CATO","#E1E59B"
"CATO","NCRN",22,2,"dbh_10cm",131.365677584165,10,"CATO","#E1E59B"
"CATO","NCRN",22,2,"dbh_20cm",54.2785656831275,20,"CATO","#E1E59B"
"CATO","NCRN",22,2,"dbh_30cm",51.1026921591147,30,"CATO","#E1E59B"
"CATO","NCRN",22,2,"dbh_40cm",40.7089242623456,40,"CATO","#E1E59B"
"CATO","NCRN",22,2,"dbh_50cm",22.5198304429997,50,"CATO","#E1E59B"
"CATO","NCRN",22,2,"dbh_60cm",10.1050521218588,60,"CATO","#E1E59B"
"CATO","NCRN",22,2,"dbh_70cm",6.64046282293581,70,"CATO","#E1E59B"
"CATO","NCRN",22,2,"dbh_80cm",2.59844197419227,80,"CATO","#E1E59B"
"CATO","NCRN",22,2,"dbh_90cm",1.15486309964101,90,"CATO","#E1E59B"
"CATO","NCRN",22,2,"dbh_100cm",0.577431549820505,100,"CATO","#E1E59B"
"CATO","NCRN",22,3,"dbh_10cm",129.055951384883,10,"CATO","#E1E59B"
"CATO","NCRN",22,3,"dbh_20cm",55.7221445576788,20,"CATO","#E1E59B"
"CATO","NCRN",22,3,"dbh_30cm",40.9976400372559,30,"CATO","#E1E59B"
"CATO","NCRN",22,3,"dbh_40cm",38.6879138379739,40,"CATO","#E1E59B"
"CATO","NCRN",22,3,"dbh_50cm",21.3649673433587,50,"CATO","#E1E59B"
"CATO","NCRN",22,3,"dbh_60cm",11.2599152214999,60,"CATO","#E1E59B"
"CATO","NCRN",22,3,"dbh_70cm",6.92917859784606,70,"CATO","#E1E59B"
"CATO","NCRN",22,3,"dbh_80cm",2.88715774910253,80,"CATO","#E1E59B"
"CATO","NCRN",22,3,"dbh_90cm",2.02101042437177,90,"CATO","#E1E59B"
"CATO","NCRN",22,3,"dbh_100cm",0.288715774910253,100,"CATO","#E1E59B"
"CHOH","NCRN",19,1,"dbh_10cm",234.841411312,10,"CHOH","#E1E59B"
"CHOH","NCRN",19,1,"dbh_20cm",96.9546067585283,20,"CHOH","#E1E59B"
"CHOH","NCRN",19,1,"dbh_30cm",39.8004319572947,30,"CHOH","#E1E59B"
"CHOH","NCRN",19,1,"dbh_40cm",22.4466891133558,40,"CHOH","#E1E59B"
"CHOH","NCRN",19,1,"dbh_50cm",15.0902111686425,50,"CHOH","#E1E59B"
"CHOH","NCRN",19,1,"dbh_60cm",6.41333974667308,60,"CHOH","#E1E59B"
"CHOH","NCRN",19,1,"dbh_70cm",4.52706335059276,70,"CHOH","#E1E59B"
"CHOH","NCRN",19,1,"dbh_80cm",1.69764875647229,80,"CHOH","#E1E59B"
"CHOH","NCRN",19,1,"dbh_90cm",1.88627639608032,90,"CHOH","#E1E59B"
"CHOH","NCRN",19,1,"dbh_100cm",1.32039347725622,100,"CHOH","#E1E59B"
"CHOH","NCRN",19,2,"dbh_10cm",224.466891133558,10,"CHOH","#E1E59B"
"CHOH","NCRN",19,2,"dbh_20cm",93.9365645247998,20,"CHOH","#E1E59B"
"CHOH","NCRN",19,2,"dbh_30cm",42.0639636325911,30,"CHOH","#E1E59B"
"CHOH","NCRN",19,2,"dbh_40cm",21.3149232757076,40,"CHOH","#E1E59B"
"CHOH","NCRN",19,2,"dbh_50cm",15.0902111686425,50,"CHOH","#E1E59B"
"CHOH","NCRN",19,2,"dbh_60cm",8.67687142196946,60,"CHOH","#E1E59B"
"CHOH","NCRN",19,2,"dbh_70cm",3.96118043176867,70,"CHOH","#E1E59B"
"CHOH","NCRN",19,2,"dbh_80cm",2.45215931490441,80,"CHOH","#E1E59B"
"CHOH","NCRN",19,2,"dbh_90cm",1.50902111686425,90,"CHOH","#E1E59B"
"CHOH","NCRN",19,2,"dbh_100cm",1.50902111686425,100,"CHOH","#E1E59B"
"CHOH","NCRN",19,3,"dbh_10cm",203.15196785785,10,"CHOH","#E1E59B"
"CHOH","NCRN",19,3,"dbh_20cm",93.5593092455838,20,"CHOH","#E1E59B"
"CHOH","NCRN",19,3,"dbh_30cm",41.686708353375,30,"CHOH","#E1E59B"
"CHOH","NCRN",19,3,"dbh_40cm",22.0694338341397,40,"CHOH","#E1E59B"
"CHOH","NCRN",19,3,"dbh_50cm",16.0333493666827,50,"CHOH","#E1E59B"
"CHOH","NCRN",19,3,"dbh_60cm",8.11098850314537,60,"CHOH","#E1E59B"
"CHOH","NCRN",19,3,"dbh_70cm",4.1498080713767,70,"CHOH","#E1E59B"
"CHOH","NCRN",19,3,"dbh_80cm",3.01804223372851,80,"CHOH","#E1E59B"
"CHOH","NCRN",19,3,"dbh_90cm",1.50902111686425,90,"CHOH","#E1E59B"
"CHOH","NCRN",19,3,"dbh_100cm",1.69764875647229,100,"CHOH","#E1E59B"
"COLO","NCBN",3,1,"dbh_10cm",260.416666666667,10,"COLO","#CFB9D9"
"COLO","NCBN",3,1,"dbh_20cm",68.75,20,"COLO","#CFB9D9"
"COLO","NCBN",3,1,"dbh_30cm",60.4166666666667,30,"COLO","#CFB9D9"
"COLO","NCBN",3,1,"dbh_40cm",52.0833333333333,40,"COLO","#CFB9D9"
"COLO","NCBN",3,1,"dbh_50cm",43.75,50,"COLO","#CFB9D9"
"COLO","NCBN",3,1,"dbh_60cm",12.5,60,"COLO","#CFB9D9"
"COLO","NCBN",3,1,"dbh_70cm",2.08333333333333,70,"COLO","#CFB9D9"
"COLO","NCBN",3,1,"dbh_80cm",6.25,80,"COLO","#CFB9D9"
"COLO","NCBN",3,1,"dbh_90cm",0,90,"COLO","#CFB9D9"
"COLO","NCBN",3,1,"dbh_100cm",0,100,"COLO","#CFB9D9"
"COLO","NCBN",3,2,"dbh_10cm",240.625,10,"COLO","#CFB9D9"
"COLO","NCBN",3,2,"dbh_20cm",67.1875,20,"COLO","#CFB9D9"
"COLO","NCBN",3,2,"dbh_30cm",46.3541666666667,30,"COLO","#CFB9D9"
"COLO","NCBN",3,2,"dbh_40cm",40.1041666666667,40,"COLO","#CFB9D9"
"COLO","NCBN",3,2,"dbh_50cm",28.125,50,"COLO","#CFB9D9"
"COLO","NCBN",3,2,"dbh_60cm",15.1041666666667,60,"COLO","#CFB9D9"
"COLO","NCBN",3,2,"dbh_70cm",4.16666666666667,70,"COLO","#CFB9D9"
"COLO","NCBN",3,2,"dbh_80cm",1.5625,80,"COLO","#CFB9D9"
"COLO","NCBN",3,2,"dbh_90cm",1.5625,90,"COLO","#CFB9D9"
"COLO","NCBN",3,2,"dbh_100cm",0.520833333333333,100,"COLO","#CFB9D9"
"COLO","NCBN",3,3,"dbh_10cm",260.106382978723,10,"COLO","#CFB9D9"
"COLO","NCBN",3,3,"dbh_20cm",68.0851063829787,20,"COLO","#CFB9D9"
"COLO","NCBN",3,3,"dbh_30cm",45.7446808510638,30,"COLO","#CFB9D9"
"COLO","NCBN",3,3,"dbh_40cm",37.7659574468085,40,"COLO","#CFB9D9"
"COLO","NCBN",3,3,"dbh_50cm",30.8510638297872,50,"COLO","#CFB9D9"
"COLO","NCBN",3,3,"dbh_60cm",18.6170212765957,60,"COLO","#CFB9D9"
"COLO","NCBN",3,3,"dbh_70cm",5.31914893617021,70,"COLO","#CFB9D9"
"COLO","NCBN",3,3,"dbh_80cm",1.06382978723404,80,"COLO","#CFB9D9"
"COLO","NCBN",3,3,"dbh_90cm",2.12765957446809,90,"COLO","#CFB9D9"
"COLO","NCBN",3,3,"dbh_100cm",0.531914893617021,100,"COLO","#CFB9D9"
"DEWA","ERMN",32,1,"dbh_10cm",203.88428692927,10,"DEWA","#A5BDCD"
"DEWA","ERMN",32,1,"dbh_20cm",112.621796589501,20,"DEWA","#A5BDCD"
"DEWA","ERMN",32,1,"dbh_30cm",64.077918749199,30,"DEWA","#A5BDCD"
"DEWA","ERMN",32,1,"dbh_40cm",31.7615657869406,40,"DEWA","#A5BDCD"
"DEWA","ERMN",32,1,"dbh_50cm",12.0666210631609,50,"DEWA","#A5BDCD"
"DEWA","ERMN",32,1,"dbh_60cm",4.16090381488305,60,"DEWA","#A5BDCD"
"DEWA","ERMN",32,1,"dbh_70cm",1.66436152595322,70,"DEWA","#A5BDCD"
"DEWA","ERMN",32,1,"dbh_80cm",0.138696793829435,80,"DEWA","#A5BDCD"
"DEWA","ERMN",32,1,"dbh_90cm",0,90,"DEWA","#A5BDCD"
"DEWA","ERMN",32,1,"dbh_100cm",0,100,"DEWA","#A5BDCD"
"DEWA","ERMN",32,2,"dbh_10cm",196.949447237798,10,"DEWA","#A5BDCD"
"DEWA","ERMN",32,2,"dbh_20cm",109.847860712913,20,"DEWA","#A5BDCD"
"DEWA","ERMN",32,2,"dbh_30cm",65.7422802751523,30,"DEWA","#A5BDCD"
"DEWA","ERMN",32,2,"dbh_40cm",32.1776561684289,40,"DEWA","#A5BDCD"
"DEWA","ERMN",32,2,"dbh_50cm",13.0374986199669,50,"DEWA","#A5BDCD"
"DEWA","ERMN",32,2,"dbh_60cm",4.71569099020079,60,"DEWA","#A5BDCD"
"DEWA","ERMN",32,2,"dbh_70cm",1.38696793829435,70,"DEWA","#A5BDCD"
"DEWA","ERMN",32,2,"dbh_80cm",0.55478717531774,80,"DEWA","#A5BDCD"
"DEWA","ERMN",32,2,"dbh_90cm",0,90,"DEWA","#A5BDCD"
"DEWA","ERMN",32,2,"dbh_100cm",0,100,"DEWA","#A5BDCD"
"DEWA","ERMN",32,3,"dbh_10cm",184.892438823714,10,"DEWA","#A5BDCD"
"DEWA","ERMN",32,3,"dbh_20cm",107.013502470695,20,"DEWA","#A5BDCD"
"DEWA","ERMN",32,3,"dbh_30cm",64.4322135294762,30,"DEWA","#A5BDCD"
"DEWA","ERMN",32,3,"dbh_40cm",30.2551263529714,40,"DEWA","#A5BDCD"
"DEWA","ERMN",32,3,"dbh_50cm",13.166582764719,50,"DEWA","#A5BDCD"
"DEWA","ERMN",32,3,"dbh_60cm",5.18259108824048,60,"DEWA","#A5BDCD"
"DEWA","ERMN",32,3,"dbh_70cm",1.40070029411905,70,"DEWA","#A5BDCD"
"DEWA","ERMN",32,3,"dbh_80cm",0.840420176471429,80,"DEWA","#A5BDCD"
"DEWA","ERMN",32,3,"dbh_90cm",0,90,"DEWA","#A5BDCD"
"DEWA","ERMN",32,3,"dbh_100cm",0,100,"DEWA","#A5BDCD"
"FONE","ERMN",24,1,"dbh_10cm",190.985485103132,10,"FONE","#A5BDCD"
"FONE","ERMN",24,1,"dbh_20cm",92.6633279574456,20,"FONE","#A5BDCD"
"FONE","ERMN",24,1,"dbh_30cm",87.0044987692047,30,"FONE","#A5BDCD"
"FONE","ERMN",24,1,"dbh_40cm",45.2706335059276,40,"FONE","#A5BDCD"
"FONE","ERMN",24,1,"dbh_50cm",17.683841213253,50,"FONE","#A5BDCD"
"FONE","ERMN",24,1,"dbh_60cm",11.3176583764819,60,"FONE","#A5BDCD"
"FONE","ERMN",24,1,"dbh_70cm",3.5367682426506,70,"FONE","#A5BDCD"
"FONE","ERMN",24,1,"dbh_80cm",1.41470729706024,80,"FONE","#A5BDCD"
"FONE","ERMN",24,1,"dbh_90cm",0.707353648530119,90,"FONE","#A5BDCD"
"FONE","ERMN",24,1,"dbh_100cm",1.41470729706024,100,"FONE","#A5BDCD"
"FONE","ERMN",24,2,"dbh_10cm",164.813400107518,10,"FONE","#A5BDCD"
"FONE","ERMN",24,2,"dbh_20cm",97.6148034971564,20,"FONE","#A5BDCD"
"FONE","ERMN",24,2,"dbh_30cm",82.0530232294938,30,"FONE","#A5BDCD"
"FONE","ERMN",24,2,"dbh_40cm",43.8559262088674,40,"FONE","#A5BDCD"
"FONE","ERMN",24,2,"dbh_50cm",20.5132558073735,50,"FONE","#A5BDCD"
"FONE","ERMN",24,2,"dbh_60cm",11.3176583764819,60,"FONE","#A5BDCD"
"FONE","ERMN",24,2,"dbh_70cm",5.65882918824095,70,"FONE","#A5BDCD"
"FONE","ERMN",24,2,"dbh_80cm",1.41470729706024,80,"FONE","#A5BDCD"
"FONE","ERMN",24,2,"dbh_90cm",0.707353648530119,90,"FONE","#A5BDCD"
"FONE","ERMN",24,2,"dbh_100cm",1.41470729706024,100,"FONE","#A5BDCD"
"FONE","ERMN",24,3,"dbh_10cm",155.617802676626,10,"FONE","#A5BDCD"
"FONE","ERMN",24,3,"dbh_20cm",90.5412670118553,20,"FONE","#A5BDCD"
"FONE","ERMN",24,3,"dbh_30cm",78.5162549868432,30,"FONE","#A5BDCD"
"FONE","ERMN",24,3,"dbh_40cm",48.1000481000481,40,"FONE","#A5BDCD"
"FONE","ERMN",24,3,"dbh_50cm",19.0985485103132,50,"FONE","#A5BDCD"
"FONE","ERMN",24,3,"dbh_60cm",12.025012025012,60,"FONE","#A5BDCD"
"FONE","ERMN",24,3,"dbh_70cm",6.36618283677107,70,"FONE","#A5BDCD"
"FONE","ERMN",24,3,"dbh_80cm",0.707353648530119,80,"FONE","#A5BDCD"
"FONE","ERMN",24,3,"dbh_90cm",1.41470729706024,90,"FONE","#A5BDCD"
"FONE","ERMN",24,3,"dbh_100cm",1.41470729706024,100,"FONE","#A5BDCD"
"FRHI","ERMN",23,1,"dbh_10cm",217.864923747277,10,"FRHI","#A5BDCD"
"FRHI","ERMN",23,1,"dbh_20cm",94.0780352545058,20,"FRHI","#A5BDCD"
"FRHI","ERMN",23,1,"dbh_30cm",52.3441699912288,30,"FRHI","#A5BDCD"
"FRHI","ERMN",23,1,"dbh_40cm",31.1235605353252,40,"FRHI","#A5BDCD"
"FRHI","ERMN",23,1,"dbh_50cm",17.683841213253,50,"FRHI","#A5BDCD"
"FRHI","ERMN",23,1,"dbh_60cm",4.24412189118071,60,"FRHI","#A5BDCD"
"FRHI","ERMN",23,1,"dbh_70cm",2.82941459412048,70,"FRHI","#A5BDCD"
"FRHI","ERMN",23,1,"dbh_80cm",1.41470729706024,80,"FRHI","#A5BDCD"
"FRHI","ERMN",23,1,"dbh_90cm",0,90,"FRHI","#A5BDCD"
"FRHI","ERMN",23,1,"dbh_100cm",0,100,"FRHI","#A5BDCD"
"FRHI","ERMN",23,2,"dbh_10cm",171.179582944289,10,"FRHI","#A5BDCD"
"FRHI","ERMN",23,2,"dbh_20cm",84.8824378236143,20,"FRHI","#A5BDCD"
"FRHI","ERMN",23,2,"dbh_30cm",58.0029991794698,30,"FRHI","#A5BDCD"
"FRHI","ERMN",23,2,"dbh_40cm",34.6603287779758,40,"FRHI","#A5BDCD"
"FRHI","ERMN",23,2,"dbh_50cm",18.3911948617831,50,"FRHI","#A5BDCD"
"FRHI","ERMN",23,2,"dbh_60cm",6.36618283677107,60,"FRHI","#A5BDCD"
"FRHI","ERMN",23,2,"dbh_70cm",2.12206094559036,70,"FRHI","#A5BDCD"
"FRHI","ERMN",23,2,"dbh_80cm",2.12206094559036,80,"FRHI","#A5BDCD"
"FRHI","ERMN",23,2,"dbh_90cm",0,90,"FRHI","#A5BDCD"
"FRHI","ERMN",23,2,"dbh_100cm",0,100,"FRHI","#A5BDCD"
"FRHI","ERMN",23,3,"dbh_10cm",145.007497948674,10,"FRHI","#A5BDCD"
"FRHI","ERMN",23,3,"dbh_20cm",75.6868403927227,20,"FRHI","#A5BDCD"
"FRHI","ERMN",23,3,"dbh_30cm",59.41770647653,30,"FRHI","#A5BDCD"
"FRHI","ERMN",23,3,"dbh_40cm",37.4897433720963,40,"FRHI","#A5BDCD"
"FRHI","ERMN",23,3,"dbh_50cm",21.2206094559036,50,"FRHI","#A5BDCD"
"FRHI","ERMN",23,3,"dbh_60cm",7.07353648530119,60,"FRHI","#A5BDCD"
"FRHI","ERMN",23,3,"dbh_70cm",2.12206094559036,70,"FRHI","#A5BDCD"
"FRHI","ERMN",23,3,"dbh_80cm",1.41470729706024,80,"FRHI","#A5BDCD"
"FRHI","ERMN",23,3,"dbh_90cm",0.707353648530119,90,"FRHI","#A5BDCD"
"FRHI","ERMN",23,3,"dbh_100cm",0,100,"FRHI","#A5BDCD"
"FRSP","MIDN",10,1,"dbh_10cm",229.086538461538,10,"FRSP","#E7CDA4"
"FRSP","MIDN",10,1,"dbh_20cm",101.201923076923,20,"FRSP","#E7CDA4"
"FRSP","MIDN",10,1,"dbh_30cm",68.0288461538462,30,"FRSP","#E7CDA4"
"FRSP","MIDN",10,1,"dbh_40cm",37.5,40,"FRSP","#E7CDA4"
"FRSP","MIDN",10,1,"dbh_50cm",20.6730769230769,50,"FRSP","#E7CDA4"
"FRSP","MIDN",10,1,"dbh_60cm",5.04807692307692,60,"FRSP","#E7CDA4"
"FRSP","MIDN",10,1,"dbh_70cm",2.16346153846154,70,"FRSP","#E7CDA4"
"FRSP","MIDN",10,1,"dbh_80cm",0.240384615384615,80,"FRSP","#E7CDA4"
"FRSP","MIDN",10,1,"dbh_90cm",0,90,"FRSP","#E7CDA4"
"FRSP","MIDN",10,1,"dbh_100cm",0,100,"FRSP","#E7CDA4"
"FRSP","MIDN",10,2,"dbh_10cm",224.278846153846,10,"FRSP","#E7CDA4"
"FRSP","MIDN",10,2,"dbh_20cm",97.8365384615385,20,"FRSP","#E7CDA4"
"FRSP","MIDN",10,2,"dbh_30cm",65.8653846153846,30,"FRSP","#E7CDA4"
"FRSP","MIDN",10,2,"dbh_40cm",41.3461538461538,40,"FRSP","#E7CDA4"
"FRSP","MIDN",10,2,"dbh_50cm",23.3173076923077,50,"FRSP","#E7CDA4"
"FRSP","MIDN",10,2,"dbh_60cm",5.28846153846154,60,"FRSP","#E7CDA4"
"FRSP","MIDN",10,2,"dbh_70cm",2.88461538461538,70,"FRSP","#E7CDA4"
"FRSP","MIDN",10,2,"dbh_80cm",0,80,"FRSP","#E7CDA4"
"FRSP","MIDN",10,2,"dbh_90cm",0.240384615384615,90,"FRSP","#E7CDA4"
"FRSP","MIDN",10,2,"dbh_100cm",0,100,"FRSP","#E7CDA4"
"FRSP","MIDN",10,3,"dbh_10cm",211.298076923077,10,"FRSP","#E7CDA4"
"FRSP","MIDN",10,3,"dbh_20cm",92.0673076923077,20,"FRSP","#E7CDA4"
"FRSP","MIDN",10,3,"dbh_30cm",59.1346153846154,30,"FRSP","#E7CDA4"
"FRSP","MIDN",10,3,"dbh_40cm",43.2692307692308,40,"FRSP","#E7CDA4"
"FRSP","MIDN",10,3,"dbh_50cm",21.3942307692308,50,"FRSP","#E7CDA4"
"FRSP","MIDN",10,3,"dbh_60cm",6.97115384615385,60,"FRSP","#E7CDA4"
"FRSP","MIDN",10,3,"dbh_70cm",3.84615384615385,70,"FRSP","#E7CDA4"
"FRSP","MIDN",10,3,"dbh_80cm",0,80,"FRSP","#E7CDA4"
"FRSP","MIDN",10,3,"dbh_90cm",0.240384615384615,90,"FRSP","#E7CDA4"
"FRSP","MIDN",10,3,"dbh_100cm",0,100,"FRSP","#E7CDA4"
"GARI","ERMN",9,1,"dbh_10cm",257.123051240698,10,"GARI","#A5BDCD"
"GARI","ERMN",9,1,"dbh_20cm",125.201595789831,20,"GARI","#A5BDCD"
"GARI","ERMN",9,1,"dbh_30cm",69.3206575559517,30,"GARI","#A5BDCD"
"GARI","ERMN",9,1,"dbh_40cm",40.6728347904819,40,"GARI","#A5BDCD"
"GARI","ERMN",9,1,"dbh_50cm",17.3301643889879,50,"GARI","#A5BDCD"
"GARI","ERMN",9,1,"dbh_60cm",6.71985966103613,60,"GARI","#A5BDCD"
"GARI","ERMN",9,1,"dbh_70cm",3.5367682426506,70,"GARI","#A5BDCD"
"GARI","ERMN",9,1,"dbh_80cm",0.707353648530119,80,"GARI","#A5BDCD"
"GARI","ERMN",9,1,"dbh_90cm",0.35367682426506,90,"GARI","#A5BDCD"
"GARI","ERMN",9,1,"dbh_100cm",0.35367682426506,100,"GARI","#A5BDCD"
"GARI","ERMN",9,2,"dbh_10cm",235.902441784795,10,"GARI","#A5BDCD"
"GARI","ERMN",9,2,"dbh_20cm",125.908949438361,20,"GARI","#A5BDCD"
"GARI","ERMN",9,2,"dbh_30cm",64.7228588405059,30,"GARI","#A5BDCD"
"GARI","ERMN",9,2,"dbh_40cm",42.0875420875421,40,"GARI","#A5BDCD"
"GARI","ERMN",9,2,"dbh_50cm",16.9764875647229,50,"GARI","#A5BDCD"
"GARI","ERMN",9,2,"dbh_60cm",6.01250601250601,60,"GARI","#A5BDCD"
"GARI","ERMN",9,2,"dbh_70cm",2.12206094559036,70,"GARI","#A5BDCD"
"GARI","ERMN",9,2,"dbh_80cm",0.707353648530119,80,"GARI","#A5BDCD"
"GARI","ERMN",9,2,"dbh_90cm",0.707353648530119,90,"GARI","#A5BDCD"
"GARI","ERMN",9,2,"dbh_100cm",0.707353648530119,100,"GARI","#A5BDCD"
"GARI","ERMN",9,3,"dbh_10cm",249.594787409913,10,"GARI","#A5BDCD"
"GARI","ERMN",9,3,"dbh_20cm",132.713017867079,20,"GARI","#A5BDCD"
"GARI","ERMN",9,3,"dbh_30cm",60.2934776604244,30,"GARI","#A5BDCD"
"GARI","ERMN",9,3,"dbh_40cm",44.7990644069075,40,"GARI","#A5BDCD"
"GARI","ERMN",9,3,"dbh_50cm",17.8522587486173,50,"GARI","#A5BDCD"
"GARI","ERMN",9,3,"dbh_60cm",7.07353648530119,60,"GARI","#A5BDCD"
"GARI","ERMN",9,3,"dbh_70cm",3.70518577801491,70,"GARI","#A5BDCD"
"GARI","ERMN",9,3,"dbh_80cm",0.673670141457256,80,"GARI","#A5BDCD"
"GARI","ERMN",9,3,"dbh_90cm",0.673670141457256,90,"GARI","#A5BDCD"
"GARI","ERMN",9,3,"dbh_100cm",0.336835070728628,100,"GARI","#A5BDCD"
"GETT","MIDN",25,1,"dbh_10cm",153.125,10,"GETT","#E7CDA4"
"GETT","MIDN",25,1,"dbh_20cm",57.03125,20,"GETT","#E7CDA4"
"GETT","MIDN",25,1,"dbh_30cm",38.28125,30,"GETT","#E7CDA4"
"GETT","MIDN",25,1,"dbh_40cm",27.34375,40,"GETT","#E7CDA4"
"GETT","MIDN",25,1,"dbh_50cm",14.0625,50,"GETT","#E7CDA4"
"GETT","MIDN",25,1,"dbh_60cm",11.71875,60,"GETT","#E7CDA4"
"GETT","MIDN",25,1,"dbh_70cm",5.46875,70,"GETT","#E7CDA4"
"GETT","MIDN",25,1,"dbh_80cm",0,80,"GETT","#E7CDA4"
"GETT","MIDN",25,1,"dbh_90cm",0.78125,90,"GETT","#E7CDA4"
"GETT","MIDN",25,1,"dbh_100cm",0.78125,100,"GETT","#E7CDA4"
"GETT","MIDN",25,2,"dbh_10cm",155.30303030303,10,"GETT","#E7CDA4"
"GETT","MIDN",25,2,"dbh_20cm",59.0909090909091,20,"GETT","#E7CDA4"
"GETT","MIDN",25,2,"dbh_30cm",34.0909090909091,30,"GETT","#E7CDA4"
"GETT","MIDN",25,2,"dbh_40cm",25,40,"GETT","#E7CDA4"
"GETT","MIDN",25,2,"dbh_50cm",17.4242424242424,50,"GETT","#E7CDA4"
"GETT","MIDN",25,2,"dbh_60cm",9.84848484848485,60,"GETT","#E7CDA4"
"GETT","MIDN",25,2,"dbh_70cm",3.78787878787879,70,"GETT","#E7CDA4"
"GETT","MIDN",25,2,"dbh_80cm",0,80,"GETT","#E7CDA4"
"GETT","MIDN",25,2,"dbh_90cm",0.757575757575758,90,"GETT","#E7CDA4"
"GETT","MIDN",25,2,"dbh_100cm",0,100,"GETT","#E7CDA4"
"GETT","MIDN",25,3,"dbh_10cm",149.242424242424,10,"GETT","#E7CDA4"
"GETT","MIDN",25,3,"dbh_20cm",64.3939393939394,20,"GETT","#E7CDA4"
"GETT","MIDN",25,3,"dbh_30cm",28.7878787878788,30,"GETT","#E7CDA4"
"GETT","MIDN",25,3,"dbh_40cm",23.4848484848485,40,"GETT","#E7CDA4"
"GETT","MIDN",25,3,"dbh_50cm",19.6969696969697,50,"GETT","#E7CDA4"
"GETT","MIDN",25,3,"dbh_60cm",8.33333333333333,60,"GETT","#E7CDA4"
"GETT","MIDN",25,3,"dbh_70cm",5.3030303030303,70,"GETT","#E7CDA4"
"GETT","MIDN",25,3,"dbh_80cm",0,80,"GETT","#E7CDA4"
"GETT","MIDN",25,3,"dbh_90cm",0.757575757575758,90,"GETT","#E7CDA4"
"GETT","MIDN",25,3,"dbh_100cm",0,100,"GETT","#E7CDA4"
"GEWA","NCBN",8,1,"dbh_10cm",306.25,10,"GEWA","#CFB9D9"
"GEWA","NCBN",8,1,"dbh_20cm",81.25,20,"GEWA","#CFB9D9"
"GEWA","NCBN",8,1,"dbh_30cm",100,30,"GEWA","#CFB9D9"
"GEWA","NCBN",8,1,"dbh_40cm",68.75,40,"GEWA","#CFB9D9"
"GEWA","NCBN",8,1,"dbh_50cm",46.875,50,"GEWA","#CFB9D9"
"GEWA","NCBN",8,1,"dbh_60cm",12.5,60,"GEWA","#CFB9D9"
"GEWA","NCBN",8,1,"dbh_70cm",3.125,70,"GEWA","#CFB9D9"
"GEWA","NCBN",8,1,"dbh_80cm",0,80,"GEWA","#CFB9D9"
"GEWA","NCBN",8,1,"dbh_90cm",0,90,"GEWA","#CFB9D9"
"GEWA","NCBN",8,1,"dbh_100cm",0,100,"GEWA","#CFB9D9"
"GEWA","NCBN",8,2,"dbh_10cm",290.625,10,"GEWA","#CFB9D9"
"GEWA","NCBN",8,2,"dbh_20cm",84.375,20,"GEWA","#CFB9D9"
"GEWA","NCBN",8,2,"dbh_30cm",93.75,30,"GEWA","#CFB9D9"
"GEWA","NCBN",8,2,"dbh_40cm",71.875,40,"GEWA","#CFB9D9"
"GEWA","NCBN",8,2,"dbh_50cm",46.875,50,"GEWA","#CFB9D9"
"GEWA","NCBN",8,2,"dbh_60cm",12.5,60,"GEWA","#CFB9D9"
"GEWA","NCBN",8,2,"dbh_70cm",6.25,70,"GEWA","#CFB9D9"
"GEWA","NCBN",8,2,"dbh_80cm",0,80,"GEWA","#CFB9D9"
"GEWA","NCBN",8,2,"dbh_90cm",0,90,"GEWA","#CFB9D9"
"GEWA","NCBN",8,2,"dbh_100cm",0,100,"GEWA","#CFB9D9"
"GEWA","NCBN",8,3,"dbh_10cm",284.375,10,"GEWA","#CFB9D9"
"GEWA","NCBN",8,3,"dbh_20cm",90.625,20,"GEWA","#CFB9D9"
"GEWA","NCBN",8,3,"dbh_30cm",96.875,30,"GEWA","#CFB9D9"
"GEWA","NCBN",8,3,"dbh_40cm",68.75,40,"GEWA","#CFB9D9"
"GEWA","NCBN",8,3,"dbh_50cm",43.75,50,"GEWA","#CFB9D9"
"GEWA","NCBN",8,3,"dbh_60cm",21.875,60,"GEWA","#CFB9D9"
"GEWA","NCBN",8,3,"dbh_70cm",6.25,70,"GEWA","#CFB9D9"
"GEWA","NCBN",8,3,"dbh_80cm",0,80,"GEWA","#CFB9D9"
"GEWA","NCBN",8,3,"dbh_90cm",0,90,"GEWA","#CFB9D9"
"GEWA","NCBN",8,3,"dbh_100cm",0,100,"GEWA","#CFB9D9"
"GWMP","NCRN",15,1,"dbh_10cm",144.300144300144,10,"GWMP","#E1E59B"
"GWMP","NCRN",15,1,"dbh_20cm",80.6383159324336,20,"GWMP","#E1E59B"
"GWMP","NCRN",15,1,"dbh_30cm",47.392694451518,30,"GWMP","#E1E59B"
"GWMP","NCRN",15,1,"dbh_40cm",34.6603287779758,40,"GWMP","#E1E59B"
"GWMP","NCRN",15,1,"dbh_50cm",20.5132558073735,50,"GWMP","#E1E59B"
"GWMP","NCRN",15,1,"dbh_60cm",9.90295107942167,60,"GWMP","#E1E59B"
"GWMP","NCRN",15,1,"dbh_70cm",7.78089013383131,70,"GWMP","#E1E59B"
"GWMP","NCRN",15,1,"dbh_80cm",4.95147553971083,80,"GWMP","#E1E59B"
"GWMP","NCRN",15,1,"dbh_90cm",2.12206094559036,90,"GWMP","#E1E59B"
"GWMP","NCRN",15,1,"dbh_100cm",1.41470729706024,100,"GWMP","#E1E59B"
"GWMP","NCRN",15,2,"dbh_10cm",147.836912542795,10,"GWMP","#E1E59B"
"GWMP","NCRN",15,2,"dbh_20cm",83.467730526554,20,"GWMP","#E1E59B"
"GWMP","NCRN",15,2,"dbh_30cm",38.1970970206264,30,"GWMP","#E1E59B"
"GWMP","NCRN",15,2,"dbh_40cm",36.7823897235662,40,"GWMP","#E1E59B"
"GWMP","NCRN",15,2,"dbh_50cm",18.3911948617831,50,"GWMP","#E1E59B"
"GWMP","NCRN",15,2,"dbh_60cm",12.025012025012,60,"GWMP","#E1E59B"
"GWMP","NCRN",15,2,"dbh_70cm",6.36618283677107,70,"GWMP","#E1E59B"
"GWMP","NCRN",15,2,"dbh_80cm",5.65882918824095,80,"GWMP","#E1E59B"
"GWMP","NCRN",15,2,"dbh_90cm",2.82941459412048,90,"GWMP","#E1E59B"
"GWMP","NCRN",15,2,"dbh_100cm",1.41470729706024,100,"GWMP","#E1E59B"
"GWMP","NCRN",15,3,"dbh_10cm",132.275132275132,10,"GWMP","#E1E59B"
"GWMP","NCRN",15,3,"dbh_20cm",72.8574257986023,20,"GWMP","#E1E59B"
"GWMP","NCRN",15,3,"dbh_30cm",41.0265116147469,30,"GWMP","#E1E59B"
"GWMP","NCRN",15,3,"dbh_40cm",31.8309141838554,40,"GWMP","#E1E59B"
"GWMP","NCRN",15,3,"dbh_50cm",20.5132558073735,50,"GWMP","#E1E59B"
"GWMP","NCRN",15,3,"dbh_60cm",9.90295107942167,60,"GWMP","#E1E59B"
"GWMP","NCRN",15,3,"dbh_70cm",7.78089013383131,70,"GWMP","#E1E59B"
"GWMP","NCRN",15,3,"dbh_80cm",4.95147553971083,80,"GWMP","#E1E59B"
"GWMP","NCRN",15,3,"dbh_90cm",4.24412189118071,90,"GWMP","#E1E59B"
"GWMP","NCRN",15,3,"dbh_100cm",2.12206094559036,100,"GWMP","#E1E59B"
"HAFE","NCRN",18,1,"dbh_10cm",187.448716860482,10,"HAFE","#E1E59B"
"HAFE","NCRN",18,1,"dbh_20cm",67.9059502588914,20,"HAFE","#E1E59B"
"HAFE","NCRN",18,1,"dbh_30cm",43.8559262088674,30,"HAFE","#E1E59B"
"HAFE","NCRN",18,1,"dbh_40cm",33.9529751294457,40,"HAFE","#E1E59B"
"HAFE","NCRN",18,1,"dbh_50cm",22.6353167529638,50,"HAFE","#E1E59B"
"HAFE","NCRN",18,1,"dbh_60cm",6.36618283677107,60,"HAFE","#E1E59B"
"HAFE","NCRN",18,1,"dbh_70cm",2.12206094559036,70,"HAFE","#E1E59B"
"HAFE","NCRN",18,1,"dbh_80cm",2.12206094559036,80,"HAFE","#E1E59B"
"HAFE","NCRN",18,1,"dbh_90cm",1.41470729706024,90,"HAFE","#E1E59B"
"HAFE","NCRN",18,1,"dbh_100cm",0,100,"HAFE","#E1E59B"
"HAFE","NCRN",18,2,"dbh_10cm",187.448716860482,10,"HAFE","#E1E59B"
"HAFE","NCRN",18,2,"dbh_20cm",65.7838893133011,20,"HAFE","#E1E59B"
"HAFE","NCRN",18,2,"dbh_30cm",46.6853408029879,30,"HAFE","#E1E59B"
"HAFE","NCRN",18,2,"dbh_40cm",30.4162068867951,40,"HAFE","#E1E59B"
"HAFE","NCRN",18,2,"dbh_50cm",23.3426704014939,50,"HAFE","#E1E59B"
"HAFE","NCRN",18,2,"dbh_60cm",9.19559743089155,60,"HAFE","#E1E59B"
"HAFE","NCRN",18,2,"dbh_70cm",1.41470729706024,70,"HAFE","#E1E59B"
"HAFE","NCRN",18,2,"dbh_80cm",2.12206094559036,80,"HAFE","#E1E59B"
"HAFE","NCRN",18,2,"dbh_90cm",1.41470729706024,90,"HAFE","#E1E59B"
"HAFE","NCRN",18,2,"dbh_100cm",0,100,"HAFE","#E1E59B"
"HAFE","NCRN",18,3,"dbh_10cm",178.25311942959,10,"HAFE","#E1E59B"
"HAFE","NCRN",18,3,"dbh_20cm",70.0280112044818,20,"HAFE","#E1E59B"
"HAFE","NCRN",18,3,"dbh_30cm",36.7823897235662,30,"HAFE","#E1E59B"
"HAFE","NCRN",18,3,"dbh_40cm",28.2941459412048,40,"HAFE","#E1E59B"
"HAFE","NCRN",18,3,"dbh_50cm",24.7573776985542,50,"HAFE","#E1E59B"
"HAFE","NCRN",18,3,"dbh_60cm",9.19559743089155,60,"HAFE","#E1E59B"
"HAFE","NCRN",18,3,"dbh_70cm",2.82941459412048,70,"HAFE","#E1E59B"
"HAFE","NCRN",18,3,"dbh_80cm",1.41470729706024,80,"HAFE","#E1E59B"
"HAFE","NCRN",18,3,"dbh_90cm",1.41470729706024,90,"HAFE","#E1E59B"
"HAFE","NCRN",18,3,"dbh_100cm",0,100,"HAFE","#E1E59B"
"HOFU","MIDN",27,1,"dbh_10cm",178.125,10,"HOFU","#E7CDA4"
"HOFU","MIDN",27,1,"dbh_20cm",48.4375,20,"HOFU","#E7CDA4"
"HOFU","MIDN",27,1,"dbh_30cm",32.8125,30,"HOFU","#E7CDA4"
"HOFU","MIDN",27,1,"dbh_40cm",54.6875,40,"HOFU","#E7CDA4"
"HOFU","MIDN",27,1,"dbh_50cm",15.625,50,"HOFU","#E7CDA4"
"HOFU","MIDN",27,1,"dbh_60cm",18.75,60,"HOFU","#E7CDA4"
"HOFU","MIDN",27,1,"dbh_70cm",7.8125,70,"HOFU","#E7CDA4"
"HOFU","MIDN",27,1,"dbh_80cm",1.5625,80,"HOFU","#E7CDA4"
"HOFU","MIDN",27,1,"dbh_90cm",0,90,"HOFU","#E7CDA4"
"HOFU","MIDN",27,1,"dbh_100cm",0,100,"HOFU","#E7CDA4"
"HOFU","MIDN",27,2,"dbh_10cm",165.625,10,"HOFU","#E7CDA4"
"HOFU","MIDN",27,2,"dbh_20cm",48.4375,20,"HOFU","#E7CDA4"
"HOFU","MIDN",27,2,"dbh_30cm",31.25,30,"HOFU","#E7CDA4"
"HOFU","MIDN",27,2,"dbh_40cm",53.125,40,"HOFU","#E7CDA4"
"HOFU","MIDN",27,2,"dbh_50cm",21.875,50,"HOFU","#E7CDA4"
"HOFU","MIDN",27,2,"dbh_60cm",15.625,60,"HOFU","#E7CDA4"
"HOFU","MIDN",27,2,"dbh_70cm",6.25,70,"HOFU","#E7CDA4"
"HOFU","MIDN",27,2,"dbh_80cm",1.5625,80,"HOFU","#E7CDA4"
"HOFU","MIDN",27,2,"dbh_90cm",0,90,"HOFU","#E7CDA4"
"HOFU","MIDN",27,2,"dbh_100cm",0,100,"HOFU","#E7CDA4"
"HOFU","MIDN",27,3,"dbh_10cm",153.125,10,"HOFU","#E7CDA4"
"HOFU","MIDN",27,3,"dbh_20cm",50,20,"HOFU","#E7CDA4"
"HOFU","MIDN",27,3,"dbh_30cm",21.875,30,"HOFU","#E7CDA4"
"HOFU","MIDN",27,3,"dbh_40cm",45.3125,40,"HOFU","#E7CDA4"
"HOFU","MIDN",27,3,"dbh_50cm",26.5625,50,"HOFU","#E7CDA4"
"HOFU","MIDN",27,3,"dbh_60cm",14.0625,60,"HOFU","#E7CDA4"
"HOFU","MIDN",27,3,"dbh_70cm",6.25,70,"HOFU","#E7CDA4"
"HOFU","MIDN",27,3,"dbh_80cm",3.125,80,"HOFU","#E7CDA4"
"HOFU","MIDN",27,3,"dbh_90cm",0,90,"HOFU","#E7CDA4"
"HOFU","MIDN",27,3,"dbh_100cm",0,100,"HOFU","#E7CDA4"
"JOFL","ERMN",28,1,"dbh_10cm",337.171905799357,10,"JOFL","#A5BDCD"
"JOFL","ERMN",28,1,"dbh_20cm",147.365343443775,20,"JOFL","#A5BDCD"
"JOFL","ERMN",28,1,"dbh_30cm",86.0613605711645,30,"JOFL","#A5BDCD"
"JOFL","ERMN",28,1,"dbh_40cm",29.473068688755,40,"JOFL","#A5BDCD"
"JOFL","ERMN",28,1,"dbh_50cm",12.9681502230522,50,"JOFL","#A5BDCD"
"JOFL","ERMN",28,1,"dbh_60cm",1.1789227475502,60,"JOFL","#A5BDCD"
"JOFL","ERMN",28,1,"dbh_70cm",0,70,"JOFL","#A5BDCD"
"JOFL","ERMN",28,1,"dbh_80cm",0,80,"JOFL","#A5BDCD"
"JOFL","ERMN",28,1,"dbh_90cm",0,90,"JOFL","#A5BDCD"
"JOFL","ERMN",28,1,"dbh_100cm",0,100,"JOFL","#A5BDCD"
"JOFL","ERMN",28,2,"dbh_10cm",307.698837110602,10,"JOFL","#A5BDCD"
"JOFL","ERMN",28,2,"dbh_20cm",145.007497948674,20,"JOFL","#A5BDCD"
"JOFL","ERMN",28,2,"dbh_30cm",90.7770515613653,30,"JOFL","#A5BDCD"
"JOFL","ERMN",28,2,"dbh_40cm",31.8309141838554,40,"JOFL","#A5BDCD"
"JOFL","ERMN",28,2,"dbh_50cm",14.1470729706024,50,"JOFL","#A5BDCD"
"JOFL","ERMN",28,2,"dbh_60cm",1.1789227475502,60,"JOFL","#A5BDCD"
"JOFL","ERMN",28,2,"dbh_70cm",0,70,"JOFL","#A5BDCD"
"JOFL","ERMN",28,2,"dbh_80cm",0,80,"JOFL","#A5BDCD"
"JOFL","ERMN",28,2,"dbh_90cm",0,90,"JOFL","#A5BDCD"
"JOFL","ERMN",28,2,"dbh_100cm",0,100,"JOFL","#A5BDCD"
"JOFL","ERMN",28,3,"dbh_10cm",282.941459412048,10,"JOFL","#A5BDCD"
"JOFL","ERMN",28,3,"dbh_20cm",135.576115968273,20,"JOFL","#A5BDCD"
"JOFL","ERMN",28,3,"dbh_30cm",100.208433541767,30,"JOFL","#A5BDCD"
"JOFL","ERMN",28,3,"dbh_40cm",31.8309141838554,40,"JOFL","#A5BDCD"
"JOFL","ERMN",28,3,"dbh_50cm",15.3259957181526,50,"JOFL","#A5BDCD"
"JOFL","ERMN",28,3,"dbh_60cm",3.5367682426506,60,"JOFL","#A5BDCD"
"JOFL","ERMN",28,3,"dbh_70cm",0,70,"JOFL","#A5BDCD"
"JOFL","ERMN",28,3,"dbh_80cm",0,80,"JOFL","#A5BDCD"
"JOFL","ERMN",28,3,"dbh_90cm",0,90,"JOFL","#A5BDCD"
"JOFL","ERMN",28,3,"dbh_100cm",0,100,"JOFL","#A5BDCD"
"MABI","NETN",38,1,"dbh_10cm",180.208333333333,10,"MABI","#AACCA7"
"MABI","NETN",38,1,"dbh_20cm",109.375,20,"MABI","#AACCA7"
"MABI","NETN",38,1,"dbh_30cm",79.1666666666667,30,"MABI","#AACCA7"
"MABI","NETN",38,1,"dbh_40cm",46.875,40,"MABI","#AACCA7"
"MABI","NETN",38,1,"dbh_50cm",22.9166666666667,50,"MABI","#AACCA7"
"MABI","NETN",38,1,"dbh_60cm",9.375,60,"MABI","#AACCA7"
"MABI","NETN",38,1,"dbh_70cm",1.04166666666667,70,"MABI","#AACCA7"
"MABI","NETN",38,1,"dbh_80cm",3.125,80,"MABI","#AACCA7"
"MABI","NETN",38,1,"dbh_90cm",2.08333333333333,90,"MABI","#AACCA7"
"MABI","NETN",38,1,"dbh_100cm",2.08333333333333,100,"MABI","#AACCA7"
"MABI","NETN",38,2,"dbh_10cm",155.208333333333,10,"MABI","#AACCA7"
"MABI","NETN",38,2,"dbh_20cm",111.458333333333,20,"MABI","#AACCA7"
"MABI","NETN",38,2,"dbh_30cm",60.4166666666667,30,"MABI","#AACCA7"
"MABI","NETN",38,2,"dbh_40cm",44.7916666666667,40,"MABI","#AACCA7"
"MABI","NETN",38,2,"dbh_50cm",21.875,50,"MABI","#AACCA7"
"MABI","NETN",38,2,"dbh_60cm",9.375,60,"MABI","#AACCA7"
"MABI","NETN",38,2,"dbh_70cm",2.08333333333333,70,"MABI","#AACCA7"
"MABI","NETN",38,2,"dbh_80cm",3.125,80,"MABI","#AACCA7"
"MABI","NETN",38,2,"dbh_90cm",2.08333333333333,90,"MABI","#AACCA7"
"MABI","NETN",38,2,"dbh_100cm",1.04166666666667,100,"MABI","#AACCA7"
"MABI","NETN",38,3,"dbh_10cm",137.5,10,"MABI","#AACCA7"
"MABI","NETN",38,3,"dbh_20cm",90.625,20,"MABI","#AACCA7"
"MABI","NETN",38,3,"dbh_30cm",59.375,30,"MABI","#AACCA7"
"MABI","NETN",38,3,"dbh_40cm",42.7083333333333,40,"MABI","#AACCA7"
"MABI","NETN",38,3,"dbh_50cm",19.7916666666667,50,"MABI","#AACCA7"
"MABI","NETN",38,3,"dbh_60cm",9.375,60,"MABI","#AACCA7"
"MABI","NETN",38,3,"dbh_70cm",2.08333333333333,70,"MABI","#AACCA7"
"MABI","NETN",38,3,"dbh_80cm",3.125,80,"MABI","#AACCA7"
"MABI","NETN",38,3,"dbh_90cm",1.04166666666667,90,"MABI","#AACCA7"
"MABI","NETN",38,3,"dbh_100cm",2.08333333333333,100,"MABI","#AACCA7"
"MANA","NCRN",13,1,"dbh_10cm",316.228689931112,10,"MANA","#E1E59B"
"MANA","NCRN",13,1,"dbh_20cm",109.015679949936,20,"MANA","#E1E59B"
"MANA","NCRN",13,1,"dbh_30cm",50.7630265415733,30,"MANA","#E1E59B"
"MANA","NCRN",13,1,"dbh_40cm",24.1332421263217,40,"MANA","#E1E59B"
"MANA","NCRN",13,1,"dbh_50cm",8.32180762976611,50,"MANA","#E1E59B"
"MANA","NCRN",13,1,"dbh_60cm",1.66436152595322,60,"MANA","#E1E59B"
"MANA","NCRN",13,1,"dbh_70cm",2.49654228892983,70,"MANA","#E1E59B"
"MANA","NCRN",13,1,"dbh_80cm",1.66436152595322,80,"MANA","#E1E59B"
"MANA","NCRN",13,1,"dbh_90cm",0,90,"MANA","#E1E59B"
"MANA","NCRN",13,1,"dbh_100cm",0,100,"MANA","#E1E59B"
"MANA","NCRN",13,2,"dbh_10cm",282.941459412048,10,"MANA","#E1E59B"
"MANA","NCRN",13,2,"dbh_20cm",113.176583764819,20,"MANA","#E1E59B"
"MANA","NCRN",13,2,"dbh_30cm",48.2664842526434,30,"MANA","#E1E59B"
"MANA","NCRN",13,2,"dbh_40cm",24.1332421263217,40,"MANA","#E1E59B"
"MANA","NCRN",13,2,"dbh_50cm",9.98616915571933,50,"MANA","#E1E59B"
"MANA","NCRN",13,2,"dbh_60cm",2.49654228892983,60,"MANA","#E1E59B"
"MANA","NCRN",13,2,"dbh_70cm",2.49654228892983,70,"MANA","#E1E59B"
"MANA","NCRN",13,2,"dbh_80cm",1.66436152595322,80,"MANA","#E1E59B"
"MANA","NCRN",13,2,"dbh_90cm",0,90,"MANA","#E1E59B"
"MANA","NCRN",13,2,"dbh_100cm",0,100,"MANA","#E1E59B"
"MANA","NCRN",13,3,"dbh_10cm",260.472578811679,10,"MANA","#E1E59B"
"MANA","NCRN",13,3,"dbh_20cm",99.0295107942167,20,"MANA","#E1E59B"
"MANA","NCRN",13,3,"dbh_30cm",41.6090381488305,30,"MANA","#E1E59B"
"MANA","NCRN",13,3,"dbh_40cm",25.7976036522749,40,"MANA","#E1E59B"
"MANA","NCRN",13,3,"dbh_50cm",10.8183499186959,50,"MANA","#E1E59B"
"MANA","NCRN",13,3,"dbh_60cm",2.49654228892983,60,"MANA","#E1E59B"
"MANA","NCRN",13,3,"dbh_70cm",1.66436152595322,70,"MANA","#E1E59B"
"MANA","NCRN",13,3,"dbh_80cm",2.49654228892983,80,"MANA","#E1E59B"
"MANA","NCRN",13,3,"dbh_90cm",0,90,"MANA","#E1E59B"
"MANA","NCRN",13,3,"dbh_100cm",0,100,"MANA","#E1E59B"
"MIMA","NETN",35,1,"dbh_10cm",187.5,10,"MIMA","#AACCA7"
"MIMA","NETN",35,1,"dbh_20cm",126.25,20,"MIMA","#AACCA7"
"MIMA","NETN",35,1,"dbh_30cm",57.5,30,"MIMA","#AACCA7"
"MIMA","NETN",35,1,"dbh_40cm",36.25,40,"MIMA","#AACCA7"
"MIMA","NETN",35,1,"dbh_50cm",13.75,50,"MIMA","#AACCA7"
"MIMA","NETN",35,1,"dbh_60cm",10,60,"MIMA","#AACCA7"
"MIMA","NETN",35,1,"dbh_70cm",3.75,70,"MIMA","#AACCA7"
"MIMA","NETN",35,1,"dbh_80cm",1.25,80,"MIMA","#AACCA7"
"MIMA","NETN",35,1,"dbh_90cm",0,90,"MIMA","#AACCA7"
"MIMA","NETN",35,1,"dbh_100cm",0,100,"MIMA","#AACCA7"
"MIMA","NETN",35,2,"dbh_10cm",171.25,10,"MIMA","#AACCA7"
"MIMA","NETN",35,2,"dbh_20cm",138.75,20,"MIMA","#AACCA7"
"MIMA","NETN",35,2,"dbh_30cm",52.5,30,"MIMA","#AACCA7"
"MIMA","NETN",35,2,"dbh_40cm",37.5,40,"MIMA","#AACCA7"
"MIMA","NETN",35,2,"dbh_50cm",13.75,50,"MIMA","#AACCA7"
"MIMA","NETN",35,2,"dbh_60cm",13.75,60,"MIMA","#AACCA7"
"MIMA","NETN",35,2,"dbh_70cm",0,70,"MIMA","#AACCA7"
"MIMA","NETN",35,2,"dbh_80cm",3.75,80,"MIMA","#AACCA7"
"MIMA","NETN",35,2,"dbh_90cm",0,90,"MIMA","#AACCA7"
"MIMA","NETN",35,2,"dbh_100cm",0,100,"MIMA","#AACCA7"
"MIMA","NETN",35,3,"dbh_10cm",166.25,10,"MIMA","#AACCA7"
"MIMA","NETN",35,3,"dbh_20cm",125,20,"MIMA","#AACCA7"
"MIMA","NETN",35,3,"dbh_30cm",52.5,30,"MIMA","#AACCA7"
"MIMA","NETN",35,3,"dbh_40cm",35,40,"MIMA","#AACCA7"
"MIMA","NETN",35,3,"dbh_50cm",17.5,50,"MIMA","#AACCA7"
"MIMA","NETN",35,3,"dbh_60cm",13.75,60,"MIMA","#AACCA7"
"MIMA","NETN",35,3,"dbh_70cm",2.5,70,"MIMA","#AACCA7"
"MIMA","NETN",35,3,"dbh_80cm",3.75,80,"MIMA","#AACCA7"
"MIMA","NETN",35,3,"dbh_90cm",0,90,"MIMA","#AACCA7"
"MIMA","NETN",35,3,"dbh_100cm",0,100,"MIMA","#AACCA7"
"MONO","NCRN",20,1,"dbh_10cm",149.958973488385,10,"MONO","#E1E59B"
"MONO","NCRN",20,1,"dbh_20cm",67.9059502588914,20,"MONO","#E1E59B"
"MONO","NCRN",20,1,"dbh_30cm",60.8324137735902,30,"MONO","#E1E59B"
"MONO","NCRN",20,1,"dbh_40cm",43.8559262088674,40,"MONO","#E1E59B"
"MONO","NCRN",20,1,"dbh_50cm",19.8059021588433,50,"MONO","#E1E59B"
"MONO","NCRN",20,1,"dbh_60cm",5.65882918824095,60,"MONO","#E1E59B"
"MONO","NCRN",20,1,"dbh_70cm",1.41470729706024,70,"MONO","#E1E59B"
"MONO","NCRN",20,1,"dbh_80cm",0,80,"MONO","#E1E59B"
"MONO","NCRN",20,1,"dbh_90cm",0,90,"MONO","#E1E59B"
"MONO","NCRN",20,1,"dbh_100cm",0,100,"MONO","#E1E59B"
"MONO","NCRN",20,2,"dbh_10cm",168.821737449188,10,"MONO","#E1E59B"
"MONO","NCRN",20,2,"dbh_20cm",88.6549906157749,20,"MONO","#E1E59B"
"MONO","NCRN",20,2,"dbh_30cm",64.1333974667308,30,"MONO","#E1E59B"
"MONO","NCRN",20,2,"dbh_40cm",43.3843571098473,40,"MONO","#E1E59B"
"MONO","NCRN",20,2,"dbh_50cm",20.7490403568835,50,"MONO","#E1E59B"
"MONO","NCRN",20,2,"dbh_60cm",6.60196738628111,60,"MONO","#E1E59B"
"MONO","NCRN",20,2,"dbh_70cm",1.88627639608032,70,"MONO","#E1E59B"
"MONO","NCRN",20,2,"dbh_80cm",0,80,"MONO","#E1E59B"
"MONO","NCRN",20,2,"dbh_90cm",0,90,"MONO","#E1E59B"
"MONO","NCRN",20,2,"dbh_100cm",0,100,"MONO","#E1E59B"
"MONO","NCRN",20,3,"dbh_10cm",154.674664478586,10,"MONO","#E1E59B"
"MONO","NCRN",20,3,"dbh_20cm",69.7922266549718,20,"MONO","#E1E59B"
"MONO","NCRN",20,3,"dbh_30cm",60.3608446745702,30,"MONO","#E1E59B"
"MONO","NCRN",20,3,"dbh_40cm",44.3274953078875,40,"MONO","#E1E59B"
"MONO","NCRN",20,3,"dbh_50cm",26.4078695451244,50,"MONO","#E1E59B"
"MONO","NCRN",20,3,"dbh_60cm",7.54510558432127,60,"MONO","#E1E59B"
"MONO","NCRN",20,3,"dbh_70cm",1.88627639608032,70,"MONO","#E1E59B"
"MONO","NCRN",20,3,"dbh_80cm",0.943138198040159,80,"MONO","#E1E59B"
"MONO","NCRN",20,3,"dbh_90cm",0,90,"MONO","#E1E59B"
"MONO","NCRN",20,3,"dbh_100cm",0,100,"MONO","#E1E59B"
"MORR","NETN",30,1,"dbh_10cm",66.9642857142857,10,"MORR","#AACCA7"
"MORR","NETN",30,1,"dbh_20cm",65.1785714285714,20,"MORR","#AACCA7"
"MORR","NETN",30,1,"dbh_30cm",41.0714285714286,30,"MORR","#AACCA7"
"MORR","NETN",30,1,"dbh_40cm",34.8214285714286,40,"MORR","#AACCA7"
"MORR","NETN",30,1,"dbh_50cm",28.5714285714286,50,"MORR","#AACCA7"
"MORR","NETN",30,1,"dbh_60cm",12.5,60,"MORR","#AACCA7"
"MORR","NETN",30,1,"dbh_70cm",4.46428571428571,70,"MORR","#AACCA7"
"MORR","NETN",30,1,"dbh_80cm",0,80,"MORR","#AACCA7"
"MORR","NETN",30,1,"dbh_90cm",0.892857142857143,90,"MORR","#AACCA7"
"MORR","NETN",30,1,"dbh_100cm",1.78571428571429,100,"MORR","#AACCA7"
"MORR","NETN",30,2,"dbh_10cm",62.5,10,"MORR","#AACCA7"
"MORR","NETN",30,2,"dbh_20cm",58.0357142857143,20,"MORR","#AACCA7"
"MORR","NETN",30,2,"dbh_30cm",44.6428571428571,30,"MORR","#AACCA7"
"MORR","NETN",30,2,"dbh_40cm",30.3571428571429,40,"MORR","#AACCA7"
"MORR","NETN",30,2,"dbh_50cm",30.3571428571429,50,"MORR","#AACCA7"
"MORR","NETN",30,2,"dbh_60cm",10.7142857142857,60,"MORR","#AACCA7"
"MORR","NETN",30,2,"dbh_70cm",6.25,70,"MORR","#AACCA7"
"MORR","NETN",30,2,"dbh_80cm",0,80,"MORR","#AACCA7"
"MORR","NETN",30,2,"dbh_90cm",0.892857142857143,90,"MORR","#AACCA7"
"MORR","NETN",30,2,"dbh_100cm",1.78571428571429,100,"MORR","#AACCA7"
"MORR","NETN",30,3,"dbh_10cm",56.25,10,"MORR","#AACCA7"
"MORR","NETN",30,3,"dbh_20cm",49.1071428571429,20,"MORR","#AACCA7"
"MORR","NETN",30,3,"dbh_30cm",43.75,30,"MORR","#AACCA7"
"MORR","NETN",30,3,"dbh_40cm",29.4642857142857,40,"MORR","#AACCA7"
"MORR","NETN",30,3,"dbh_50cm",28.5714285714286,50,"MORR","#AACCA7"
"MORR","NETN",30,3,"dbh_60cm",12.5,60,"MORR","#AACCA7"
"MORR","NETN",30,3,"dbh_70cm",7.14285714285714,70,"MORR","#AACCA7"
"MORR","NETN",30,3,"dbh_80cm",1.78571428571429,80,"MORR","#AACCA7"
"MORR","NETN",30,3,"dbh_90cm",0,90,"MORR","#AACCA7"
"MORR","NETN",30,3,"dbh_100cm",2.67857142857143,100,"MORR","#AACCA7"
"NACE","NCRN",14,1,"dbh_10cm",204.982057297452,10,"NACE","#E1E59B"
"NACE","NCRN",14,1,"dbh_20cm",111.370574449423,20,"NACE","#E1E59B"
"NACE","NCRN",14,1,"dbh_30cm",62.9093244862957,30,"NACE","#E1E59B"
"NACE","NCRN",14,1,"dbh_40cm",30.1001552566008,40,"NACE","#E1E59B"
"NACE","NCRN",14,1,"dbh_50cm",12.6420652077723,50,"NACE","#E1E59B"
"NACE","NCRN",14,1,"dbh_60cm",7.2240372615842,60,"NACE","#E1E59B"
"NACE","NCRN",14,1,"dbh_70cm",3.01001552566008,70,"NACE","#E1E59B"
"NACE","NCRN",14,1,"dbh_80cm",1.20400621026403,80,"NACE","#E1E59B"
"NACE","NCRN",14,1,"dbh_90cm",0.903004657698024,90,"NACE","#E1E59B"
"NACE","NCRN",14,1,"dbh_100cm",1.80600931539605,100,"NACE","#E1E59B"
"NACE","NCRN",14,2,"dbh_10cm",205.584060402584,10,"NACE","#E1E59B"
"NACE","NCRN",14,2,"dbh_20cm",107.156552713499,20,"NACE","#E1E59B"
"NACE","NCRN",14,2,"dbh_30cm",60.8023136183336,30,"NACE","#E1E59B"
"NACE","NCRN",14,2,"dbh_40cm",27.0901397309407,40,"NACE","#E1E59B"
"NACE","NCRN",14,2,"dbh_50cm",15.6520807334324,50,"NACE","#E1E59B"
"NACE","NCRN",14,2,"dbh_60cm",5.71902949875415,60,"NACE","#E1E59B"
"NACE","NCRN",14,2,"dbh_70cm",3.01001552566008,70,"NACE","#E1E59B"
"NACE","NCRN",14,2,"dbh_80cm",1.80600931539605,80,"NACE","#E1E59B"
"NACE","NCRN",14,2,"dbh_90cm",0.602003105132016,90,"NACE","#E1E59B"
"NACE","NCRN",14,2,"dbh_100cm",1.80600931539605,100,"NACE","#E1E59B"
"NACE","NCRN",14,3,"dbh_10cm",194.227522658895,10,"NACE","#E1E59B"
"NACE","NCRN",14,3,"dbh_20cm",99.3242414811042,20,"NACE","#E1E59B"
"NACE","NCRN",14,3,"dbh_30cm",55.4093691348593,30,"NACE","#E1E59B"
"NACE","NCRN",14,3,"dbh_40cm",24.7573776985542,40,"NACE","#E1E59B"
"NACE","NCRN",14,3,"dbh_50cm",16.2101877788152,50,"NACE","#E1E59B"
"NACE","NCRN",14,3,"dbh_60cm",7.36826717218874,60,"NACE","#E1E59B"
"NACE","NCRN",14,3,"dbh_70cm",2.9473068688755,70,"NACE","#E1E59B"
"NACE","NCRN",14,3,"dbh_80cm",1.47365343443775,80,"NACE","#E1E59B"
"NACE","NCRN",14,3,"dbh_90cm",0.884192060662649,90,"NACE","#E1E59B"
"NACE","NCRN",14,3,"dbh_100cm",1.47365343443775,100,"NACE","#E1E59B"
"NERI","ERMN",7,1,"dbh_10cm",284.328427350342,10,"NERI","#A5BDCD"
"NERI","ERMN",7,1,"dbh_20cm",123.301449714368,20,"NERI","#A5BDCD"
"NERI","ERMN",7,1,"dbh_30cm",75.4510558432127,30,"NERI","#A5BDCD"
"NERI","ERMN",7,1,"dbh_40cm",38.4190118907535,40,"NERI","#A5BDCD"
"NERI","ERMN",7,1,"dbh_50cm",15.6727377027262,50,"NERI","#A5BDCD"
"NERI","ERMN",7,1,"dbh_60cm",6.38005251615402,60,"NERI","#A5BDCD"
"NERI","ERMN",7,1,"dbh_70cm",2.63523908275927,70,"NERI","#A5BDCD"
"NERI","ERMN",7,1,"dbh_80cm",0.55478717531774,80,"NERI","#A5BDCD"
"NERI","ERMN",7,1,"dbh_90cm",0.27739358765887,90,"NERI","#A5BDCD"
"NERI","ERMN",7,1,"dbh_100cm",0.138696793829435,100,"NERI","#A5BDCD"
"NERI","ERMN",7,2,"dbh_10cm",270.366283438179,10,"NERI","#A5BDCD"
"NERI","ERMN",7,2,"dbh_20cm",120.750269294535,20,"NERI","#A5BDCD"
"NERI","ERMN",7,2,"dbh_30cm",76.594253659019,30,"NERI","#A5BDCD"
"NERI","ERMN",7,2,"dbh_40cm",39.2974249183399,40,"NERI","#A5BDCD"
"NERI","ERMN",7,2,"dbh_50cm",16.1476691482633,50,"NERI","#A5BDCD"
"NERI","ERMN",7,2,"dbh_60cm",7.71658525669221,60,"NERI","#A5BDCD"
"NERI","ERMN",7,2,"dbh_70cm",2.57219508556407,70,"NERI","#A5BDCD"
"NERI","ERMN",7,2,"dbh_80cm",0.571598907903127,80,"NERI","#A5BDCD"
"NERI","ERMN",7,2,"dbh_90cm",0.285799453951563,90,"NERI","#A5BDCD"
"NERI","ERMN",7,2,"dbh_100cm",0.142899726975782,100,"NERI","#A5BDCD"
"NERI","ERMN",7,3,"dbh_10cm",258.669520491896,10,"NERI","#A5BDCD"
"NERI","ERMN",7,3,"dbh_20cm",115.673126053749,20,"NERI","#A5BDCD"
"NERI","ERMN",7,3,"dbh_30cm",72.3997263789651,30,"NERI","#A5BDCD"
"NERI","ERMN",7,3,"dbh_40cm",43.4120964686132,40,"NERI","#A5BDCD"
"NERI","ERMN",7,3,"dbh_50cm",17.3370992286794,50,"NERI","#A5BDCD"
"NERI","ERMN",7,3,"dbh_60cm",7.9057172482778,60,"NERI","#A5BDCD"
"NERI","ERMN",7,3,"dbh_70cm",3.46741984573588,70,"NERI","#A5BDCD"
"NERI","ERMN",7,3,"dbh_80cm",0.416090381488305,80,"NERI","#A5BDCD"
"NERI","ERMN",7,3,"dbh_90cm",0.416090381488305,90,"NERI","#A5BDCD"
"NERI","ERMN",7,3,"dbh_100cm",0.27739358765887,100,"NERI","#A5BDCD"
"PETE","MIDN",2,1,"dbh_10cm",388.235294117647,10,"PETE","#E7CDA4"
"PETE","MIDN",2,1,"dbh_20cm",245.588235294118,20,"PETE","#E7CDA4"
"PETE","MIDN",2,1,"dbh_30cm",76.9607843137255,30,"PETE","#E7CDA4"
"PETE","MIDN",2,1,"dbh_40cm",18.1372549019608,40,"PETE","#E7CDA4"
"PETE","MIDN",2,1,"dbh_50cm",16.6666666666667,50,"PETE","#E7CDA4"
"PETE","MIDN",2,1,"dbh_60cm",3.43137254901961,60,"PETE","#E7CDA4"
"PETE","MIDN",2,1,"dbh_70cm",0.490196078431373,70,"PETE","#E7CDA4"
"PETE","MIDN",2,1,"dbh_80cm",0,80,"PETE","#E7CDA4"
"PETE","MIDN",2,1,"dbh_90cm",0,90,"PETE","#E7CDA4"
"PETE","MIDN",2,1,"dbh_100cm",0,100,"PETE","#E7CDA4"
"PETE","MIDN",2,2,"dbh_10cm",369.230769230769,10,"PETE","#E7CDA4"
"PETE","MIDN",2,2,"dbh_20cm",237.5,20,"PETE","#E7CDA4"
"PETE","MIDN",2,2,"dbh_30cm",94.7115384615385,30,"PETE","#E7CDA4"
"PETE","MIDN",2,2,"dbh_40cm",26.9230769230769,40,"PETE","#E7CDA4"
"PETE","MIDN",2,2,"dbh_50cm",13.4615384615385,50,"PETE","#E7CDA4"
"PETE","MIDN",2,2,"dbh_60cm",5.76923076923077,60,"PETE","#E7CDA4"
"PETE","MIDN",2,2,"dbh_70cm",0,70,"PETE","#E7CDA4"
"PETE","MIDN",2,2,"dbh_80cm",0,80,"PETE","#E7CDA4"
"PETE","MIDN",2,2,"dbh_90cm",0,90,"PETE","#E7CDA4"
"PETE","MIDN",2,2,"dbh_100cm",0,100,"PETE","#E7CDA4"
"PETE","MIDN",2,3,"dbh_10cm",329.326923076923,10,"PETE","#E7CDA4"
"PETE","MIDN",2,3,"dbh_20cm",218.269230769231,20,"PETE","#E7CDA4"
"PETE","MIDN",2,3,"dbh_30cm",110.576923076923,30,"PETE","#E7CDA4"
"PETE","MIDN",2,3,"dbh_40cm",33.1730769230769,40,"PETE","#E7CDA4"
"PETE","MIDN",2,3,"dbh_50cm",11.0576923076923,50,"PETE","#E7CDA4"
"PETE","MIDN",2,3,"dbh_60cm",7.21153846153846,60,"PETE","#E7CDA4"
"PETE","MIDN",2,3,"dbh_70cm",0.961538461538462,70,"PETE","#E7CDA4"
"PETE","MIDN",2,3,"dbh_80cm",0,80,"PETE","#E7CDA4"
"PETE","MIDN",2,3,"dbh_90cm",0,90,"PETE","#E7CDA4"
"PETE","MIDN",2,3,"dbh_100cm",0,100,"PETE","#E7CDA4"
"PRWI","NCRN",12,1,"dbh_10cm",229.963110287654,10,"PRWI","#E1E59B"
"PRWI","NCRN",12,1,"dbh_20cm",109.371508965829,20,"PRWI","#E1E59B"
"PRWI","NCRN",12,1,"dbh_30cm",71.5158930169072,30,"PRWI","#E1E59B"
"PRWI","NCRN",12,1,"dbh_40cm",30.9284284943514,40,"PRWI","#E1E59B"
"PRWI","NCRN",12,1,"dbh_50cm",15.5129972574192,50,"PRWI","#E1E59B"
"PRWI","NCRN",12,1,"dbh_60cm",7.12231949554465,60,"PRWI","#E1E59B"
"PRWI","NCRN",12,1,"dbh_70cm",2.244018471199,70,"PRWI","#E1E59B"
"PRWI","NCRN",12,1,"dbh_80cm",0.097566020486913,80,"PRWI","#E1E59B"
"PRWI","NCRN",12,1,"dbh_90cm",0.292698061460739,90,"PRWI","#E1E59B"
"PRWI","NCRN",12,1,"dbh_100cm",0,100,"PRWI","#E1E59B"
"PRWI","NCRN",12,2,"dbh_10cm",234.938977332486,10,"PRWI","#E1E59B"
"PRWI","NCRN",12,2,"dbh_20cm",104.590773961971,20,"PRWI","#E1E59B"
"PRWI","NCRN",12,2,"dbh_30cm",72.7842512832371,30,"PRWI","#E1E59B"
"PRWI","NCRN",12,2,"dbh_40cm",32.0016547197075,40,"PRWI","#E1E59B"
"PRWI","NCRN",12,2,"dbh_50cm",15.9032613393668,50,"PRWI","#E1E59B"
"PRWI","NCRN",12,2,"dbh_60cm",8.00041367992687,60,"PRWI","#E1E59B"
"PRWI","NCRN",12,2,"dbh_70cm",2.34158449168591,70,"PRWI","#E1E59B"
"PRWI","NCRN",12,2,"dbh_80cm",0.487830102434565,80,"PRWI","#E1E59B"
"PRWI","NCRN",12,2,"dbh_90cm",0.292698061460739,90,"PRWI","#E1E59B"
"PRWI","NCRN",12,2,"dbh_100cm",0,100,"PRWI","#E1E59B"
"PRWI","NCRN",12,3,"dbh_10cm",240.597806520727,10,"PRWI","#E1E59B"
"PRWI","NCRN",12,3,"dbh_20cm",101.46866130639,20,"PRWI","#E1E59B"
"PRWI","NCRN",12,3,"dbh_30cm",67.5156861769438,30,"PRWI","#E1E59B"
"PRWI","NCRN",12,3,"dbh_40cm",32.6846168631158,40,"PRWI","#E1E59B"
"PRWI","NCRN",12,3,"dbh_50cm",16.4886574622883,50,"PRWI","#E1E59B"
"PRWI","NCRN",12,3,"dbh_60cm",8.68337582333526,60,"PRWI","#E1E59B"
"PRWI","NCRN",12,3,"dbh_70cm",2.73184857363356,70,"PRWI","#E1E59B"
"PRWI","NCRN",12,3,"dbh_80cm",0.780528163895304,80,"PRWI","#E1E59B"
"PRWI","NCRN",12,3,"dbh_90cm",0.292698061460739,90,"PRWI","#E1E59B"
"PRWI","NCRN",12,3,"dbh_100cm",0,100,"PRWI","#E1E59B"
"RICH","MIDN",5,1,"dbh_10cm",337.5,10,"RICH","#E7CDA4"
"RICH","MIDN",5,1,"dbh_20cm",160.9375,20,"RICH","#E7CDA4"
"RICH","MIDN",5,1,"dbh_30cm",57.8125,30,"RICH","#E7CDA4"
"RICH","MIDN",5,1,"dbh_40cm",30.46875,40,"RICH","#E7CDA4"
"RICH","MIDN",5,1,"dbh_50cm",14.0625,50,"RICH","#E7CDA4"
"RICH","MIDN",5,1,"dbh_60cm",5.46875,60,"RICH","#E7CDA4"
"RICH","MIDN",5,1,"dbh_70cm",0.78125,70,"RICH","#E7CDA4"
"RICH","MIDN",5,1,"dbh_80cm",0,80,"RICH","#E7CDA4"
"RICH","MIDN",5,1,"dbh_90cm",0,90,"RICH","#E7CDA4"
"RICH","MIDN",5,1,"dbh_100cm",0,100,"RICH","#E7CDA4"
"RICH","MIDN",5,2,"dbh_10cm",326.5625,10,"RICH","#E7CDA4"
"RICH","MIDN",5,2,"dbh_20cm",152.34375,20,"RICH","#E7CDA4"
"RICH","MIDN",5,2,"dbh_30cm",72.65625,30,"RICH","#E7CDA4"
"RICH","MIDN",5,2,"dbh_40cm",35.9375,40,"RICH","#E7CDA4"
"RICH","MIDN",5,2,"dbh_50cm",13.28125,50,"RICH","#E7CDA4"
"RICH","MIDN",5,2,"dbh_60cm",4.6875,60,"RICH","#E7CDA4"
"RICH","MIDN",5,2,"dbh_70cm",0,70,"RICH","#E7CDA4"
"RICH","MIDN",5,2,"dbh_80cm",0,80,"RICH","#E7CDA4"
"RICH","MIDN",5,2,"dbh_90cm",0,90,"RICH","#E7CDA4"
"RICH","MIDN",5,2,"dbh_100cm",0,100,"RICH","#E7CDA4"
"RICH","MIDN",5,3,"dbh_10cm",310.9375,10,"RICH","#E7CDA4"
"RICH","MIDN",5,3,"dbh_20cm",134.375,20,"RICH","#E7CDA4"
"RICH","MIDN",5,3,"dbh_30cm",85.9375,30,"RICH","#E7CDA4"
"RICH","MIDN",5,3,"dbh_40cm",39.0625,40,"RICH","#E7CDA4"
"RICH","MIDN",5,3,"dbh_50cm",15.625,50,"RICH","#E7CDA4"
"RICH","MIDN",5,3,"dbh_60cm",5.46875,60,"RICH","#E7CDA4"
"RICH","MIDN",5,3,"dbh_70cm",0,70,"RICH","#E7CDA4"
"RICH","MIDN",5,3,"dbh_80cm",0,80,"RICH","#E7CDA4"
"RICH","MIDN",5,3,"dbh_90cm",0.78125,90,"RICH","#E7CDA4"
"RICH","MIDN",5,3,"dbh_100cm",0,100,"RICH","#E7CDA4"
"ROCR","NCRN",17,1,"dbh_10cm",139.236981342244,10,"ROCR","#E1E59B"
"ROCR","NCRN",17,1,"dbh_20cm",42.4412189118071,20,"ROCR","#E1E59B"
"ROCR","NCRN",17,1,"dbh_30cm",29.0387287291312,30,"ROCR","#E1E59B"
"ROCR","NCRN",17,1,"dbh_40cm",30.5278943049841,40,"ROCR","#E1E59B"
"ROCR","NCRN",17,1,"dbh_50cm",24.5712320015726,50,"ROCR","#E1E59B"
"ROCR","NCRN",17,1,"dbh_60cm",23.0820664257197,60,"ROCR","#E1E59B"
"ROCR","NCRN",17,1,"dbh_70cm",15.6362385464553,70,"ROCR","#E1E59B"
"ROCR","NCRN",17,1,"dbh_80cm",3.72291393963221,80,"ROCR","#E1E59B"
"ROCR","NCRN",17,1,"dbh_90cm",4.46749672755865,90,"ROCR","#E1E59B"
"ROCR","NCRN",17,1,"dbh_100cm",0.744582787926441,100,"ROCR","#E1E59B"
"ROCR","NCRN",17,2,"dbh_10cm",153.384054312847,10,"ROCR","#E1E59B"
"ROCR","NCRN",17,2,"dbh_20cm",40.2074705480278,20,"ROCR","#E1E59B"
"ROCR","NCRN",17,2,"dbh_30cm",29.7833115170576,30,"ROCR","#E1E59B"
"ROCR","NCRN",17,2,"dbh_40cm",30.5278943049841,40,"ROCR","#E1E59B"
"ROCR","NCRN",17,2,"dbh_50cm",23.0820664257197,50,"ROCR","#E1E59B"
"ROCR","NCRN",17,2,"dbh_60cm",19.3591524860875,60,"ROCR","#E1E59B"
"ROCR","NCRN",17,2,"dbh_70cm",18.614569698161,70,"ROCR","#E1E59B"
"ROCR","NCRN",17,2,"dbh_80cm",3.72291393963221,80,"ROCR","#E1E59B"
"ROCR","NCRN",17,2,"dbh_90cm",3.72291393963221,90,"ROCR","#E1E59B"
"ROCR","NCRN",17,2,"dbh_100cm",0.744582787926441,100,"ROCR","#E1E59B"
"ROCR","NCRN",17,3,"dbh_10cm",145.193643645656,10,"ROCR","#E1E59B"
"ROCR","NCRN",17,3,"dbh_20cm",48.3978812152187,20,"ROCR","#E1E59B"
"ROCR","NCRN",17,3,"dbh_30cm",26.8049803653519,30,"ROCR","#E1E59B"
"ROCR","NCRN",17,3,"dbh_40cm",32.7616426687634,40,"ROCR","#E1E59B"
"ROCR","NCRN",17,3,"dbh_50cm",23.0820664257197,50,"ROCR","#E1E59B"
"ROCR","NCRN",17,3,"dbh_60cm",17.8699869102346,60,"ROCR","#E1E59B"
"ROCR","NCRN",17,3,"dbh_70cm",18.614569698161,70,"ROCR","#E1E59B"
"ROCR","NCRN",17,3,"dbh_80cm",5.95666230341153,80,"ROCR","#E1E59B"
"ROCR","NCRN",17,3,"dbh_90cm",3.72291393963221,90,"ROCR","#E1E59B"
"ROCR","NCRN",17,3,"dbh_100cm",1.48916557585288,100,"ROCR","#E1E59B"
"ROVA","NETN",34,1,"dbh_10cm",185,10,"ROVA","#AACCA7"
"ROVA","NETN",34,1,"dbh_20cm",98.125,20,"ROVA","#AACCA7"
"ROVA","NETN",34,1,"dbh_30cm",51.25,30,"ROVA","#AACCA7"
"ROVA","NETN",34,1,"dbh_40cm",32.5,40,"ROVA","#AACCA7"
"ROVA","NETN",34,1,"dbh_50cm",19.375,50,"ROVA","#AACCA7"
"ROVA","NETN",34,1,"dbh_60cm",8.125,60,"ROVA","#AACCA7"
"ROVA","NETN",34,1,"dbh_70cm",4.375,70,"ROVA","#AACCA7"
"ROVA","NETN",34,1,"dbh_80cm",1.875,80,"ROVA","#AACCA7"
"ROVA","NETN",34,1,"dbh_90cm",0.625,90,"ROVA","#AACCA7"
"ROVA","NETN",34,1,"dbh_100cm",0.625,100,"ROVA","#AACCA7"
"ROVA","NETN",34,2,"dbh_10cm",180,10,"ROVA","#AACCA7"
"ROVA","NETN",34,2,"dbh_20cm",92.5,20,"ROVA","#AACCA7"
"ROVA","NETN",34,2,"dbh_30cm",54.375,30,"ROVA","#AACCA7"
"ROVA","NETN",34,2,"dbh_40cm",36.875,40,"ROVA","#AACCA7"
"ROVA","NETN",34,2,"dbh_50cm",18.125,50,"ROVA","#AACCA7"
"ROVA","NETN",34,2,"dbh_60cm",11.875,60,"ROVA","#AACCA7"
"ROVA","NETN",34,2,"dbh_70cm",3.125,70,"ROVA","#AACCA7"
"ROVA","NETN",34,2,"dbh_80cm",1.875,80,"ROVA","#AACCA7"
"ROVA","NETN",34,2,"dbh_90cm",1.25,90,"ROVA","#AACCA7"
"ROVA","NETN",34,2,"dbh_100cm",0.625,100,"ROVA","#AACCA7"
"ROVA","NETN",34,3,"dbh_10cm",161.875,10,"ROVA","#AACCA7"
"ROVA","NETN",34,3,"dbh_20cm",88.75,20,"ROVA","#AACCA7"
"ROVA","NETN",34,3,"dbh_30cm",53.75,30,"ROVA","#AACCA7"
"ROVA","NETN",34,3,"dbh_40cm",38.125,40,"ROVA","#AACCA7"
"ROVA","NETN",34,3,"dbh_50cm",20,50,"ROVA","#AACCA7"
"ROVA","NETN",34,3,"dbh_60cm",10,60,"ROVA","#AACCA7"
"ROVA","NETN",34,3,"dbh_70cm",4.375,70,"ROVA","#AACCA7"
"ROVA","NETN",34,3,"dbh_80cm",2.5,80,"ROVA","#AACCA7"
"ROVA","NETN",34,3,"dbh_90cm",1.25,90,"ROVA","#AACCA7"
"ROVA","NETN",34,3,"dbh_100cm",0.625,100,"ROVA","#AACCA7"
"SAGA","NETN",37,1,"dbh_10cm",220.238095238095,10,"SAGA","#AACCA7"
"SAGA","NETN",37,1,"dbh_20cm",150,20,"SAGA","#AACCA7"
"SAGA","NETN",37,1,"dbh_30cm",76.1904761904762,30,"SAGA","#AACCA7"
"SAGA","NETN",37,1,"dbh_40cm",61.9047619047619,40,"SAGA","#AACCA7"
"SAGA","NETN",37,1,"dbh_50cm",21.4285714285714,50,"SAGA","#AACCA7"
"SAGA","NETN",37,1,"dbh_60cm",15.4761904761905,60,"SAGA","#AACCA7"
"SAGA","NETN",37,1,"dbh_70cm",5.95238095238095,70,"SAGA","#AACCA7"
"SAGA","NETN",37,1,"dbh_80cm",2.38095238095238,80,"SAGA","#AACCA7"
"SAGA","NETN",37,1,"dbh_90cm",1.19047619047619,90,"SAGA","#AACCA7"
"SAGA","NETN",37,1,"dbh_100cm",0,100,"SAGA","#AACCA7"
"SAGA","NETN",37,2,"dbh_10cm",211.904761904762,10,"SAGA","#AACCA7"
"SAGA","NETN",37,2,"dbh_20cm",150,20,"SAGA","#AACCA7"
"SAGA","NETN",37,2,"dbh_30cm",82.1428571428571,30,"SAGA","#AACCA7"
"SAGA","NETN",37,2,"dbh_40cm",57.1428571428571,40,"SAGA","#AACCA7"
"SAGA","NETN",37,2,"dbh_50cm",25,50,"SAGA","#AACCA7"
"SAGA","NETN",37,2,"dbh_60cm",15.4761904761905,60,"SAGA","#AACCA7"
"SAGA","NETN",37,2,"dbh_70cm",4.76190476190476,70,"SAGA","#AACCA7"
"SAGA","NETN",37,2,"dbh_80cm",3.57142857142857,80,"SAGA","#AACCA7"
"SAGA","NETN",37,2,"dbh_90cm",1.19047619047619,90,"SAGA","#AACCA7"
"SAGA","NETN",37,2,"dbh_100cm",0,100,"SAGA","#AACCA7"
"SAGA","NETN",37,3,"dbh_10cm",194.047619047619,10,"SAGA","#AACCA7"
"SAGA","NETN",37,3,"dbh_20cm",146.428571428571,20,"SAGA","#AACCA7"
"SAGA","NETN",37,3,"dbh_30cm",79.7619047619048,30,"SAGA","#AACCA7"
"SAGA","NETN",37,3,"dbh_40cm",55.9523809523809,40,"SAGA","#AACCA7"
"SAGA","NETN",37,3,"dbh_50cm",29.7619047619048,50,"SAGA","#AACCA7"
"SAGA","NETN",37,3,"dbh_60cm",10.7142857142857,60,"SAGA","#AACCA7"
"SAGA","NETN",37,3,"dbh_70cm",7.14285714285714,70,"SAGA","#AACCA7"
"SAGA","NETN",37,3,"dbh_80cm",4.76190476190476,80,"SAGA","#AACCA7"
"SAGA","NETN",37,3,"dbh_90cm",1.19047619047619,90,"SAGA","#AACCA7"
"SAGA","NETN",37,3,"dbh_100cm",0,100,"SAGA","#AACCA7"
"SAHI","NCBN",31,1,"dbh_10cm",75,10,"SAHI","#CFB9D9"
"SAHI","NCBN",31,1,"dbh_20cm",37.5,20,"SAHI","#CFB9D9"
"SAHI","NCBN",31,1,"dbh_30cm",37.5,30,"SAHI","#CFB9D9"
"SAHI","NCBN",31,1,"dbh_40cm",56.25,40,"SAHI","#CFB9D9"
"SAHI","NCBN",31,1,"dbh_50cm",12.5,50,"SAHI","#CFB9D9"
"SAHI","NCBN",31,1,"dbh_60cm",12.5,60,"SAHI","#CFB9D9"
"SAHI","NCBN",31,1,"dbh_70cm",12.5,70,"SAHI","#CFB9D9"
"SAHI","NCBN",31,1,"dbh_80cm",0,80,"SAHI","#CFB9D9"
"SAHI","NCBN",31,1,"dbh_90cm",12.5,90,"SAHI","#CFB9D9"
"SAHI","NCBN",31,1,"dbh_100cm",6.25,100,"SAHI","#CFB9D9"
"SAHI","NCBN",31,2,"dbh_10cm",37.5,10,"SAHI","#CFB9D9"
"SAHI","NCBN",31,2,"dbh_20cm",50,20,"SAHI","#CFB9D9"
"SAHI","NCBN",31,2,"dbh_30cm",31.25,30,"SAHI","#CFB9D9"
"SAHI","NCBN",31,2,"dbh_40cm",31.25,40,"SAHI","#CFB9D9"
"SAHI","NCBN",31,2,"dbh_50cm",18.75,50,"SAHI","#CFB9D9"
"SAHI","NCBN",31,2,"dbh_60cm",18.75,60,"SAHI","#CFB9D9"
"SAHI","NCBN",31,2,"dbh_70cm",18.75,70,"SAHI","#CFB9D9"
"SAHI","NCBN",31,2,"dbh_80cm",0,80,"SAHI","#CFB9D9"
"SAHI","NCBN",31,2,"dbh_90cm",12.5,90,"SAHI","#CFB9D9"
"SAHI","NCBN",31,2,"dbh_100cm",0,100,"SAHI","#CFB9D9"
"SAHI","NCBN",31,3,"dbh_10cm",56.25,10,"SAHI","#CFB9D9"
"SAHI","NCBN",31,3,"dbh_20cm",37.5,20,"SAHI","#CFB9D9"
"SAHI","NCBN",31,3,"dbh_30cm",31.25,30,"SAHI","#CFB9D9"
"SAHI","NCBN",31,3,"dbh_40cm",25,40,"SAHI","#CFB9D9"
"SAHI","NCBN",31,3,"dbh_50cm",25,50,"SAHI","#CFB9D9"
"SAHI","NCBN",31,3,"dbh_60cm",12.5,60,"SAHI","#CFB9D9"
"SAHI","NCBN",31,3,"dbh_70cm",18.75,70,"SAHI","#CFB9D9"
"SAHI","NCBN",31,3,"dbh_80cm",0,80,"SAHI","#CFB9D9"
"SAHI","NCBN",31,3,"dbh_90cm",12.5,90,"SAHI","#CFB9D9"
"SAHI","NCBN",31,3,"dbh_100cm",0,100,"SAHI","#CFB9D9"
"SARA","NETN",36,1,"dbh_10cm",166.129032258065,10,"SARA","#AACCA7"
"SARA","NETN",36,1,"dbh_20cm",96.7741935483871,20,"SARA","#AACCA7"
"SARA","NETN",36,1,"dbh_30cm",45.9677419354839,30,"SARA","#AACCA7"
"SARA","NETN",36,1,"dbh_40cm",22.5806451612903,40,"SARA","#AACCA7"
"SARA","NETN",36,1,"dbh_50cm",16.9354838709677,50,"SARA","#AACCA7"
"SARA","NETN",36,1,"dbh_60cm",4.03225806451613,60,"SARA","#AACCA7"
"SARA","NETN",36,1,"dbh_70cm",2.41935483870968,70,"SARA","#AACCA7"
"SARA","NETN",36,1,"dbh_80cm",0.806451612903226,80,"SARA","#AACCA7"
"SARA","NETN",36,1,"dbh_90cm",0,90,"SARA","#AACCA7"
"SARA","NETN",36,1,"dbh_100cm",0,100,"SARA","#AACCA7"
"SARA","NETN",36,2,"dbh_10cm",189.84375,10,"SARA","#AACCA7"
"SARA","NETN",36,2,"dbh_20cm",97.65625,20,"SARA","#AACCA7"
"SARA","NETN",36,2,"dbh_30cm",49.21875,30,"SARA","#AACCA7"
"SARA","NETN",36,2,"dbh_40cm",23.4375,40,"SARA","#AACCA7"
"SARA","NETN",36,2,"dbh_50cm",16.40625,50,"SARA","#AACCA7"
"SARA","NETN",36,2,"dbh_60cm",3.90625,60,"SARA","#AACCA7"
"SARA","NETN",36,2,"dbh_70cm",3.90625,70,"SARA","#AACCA7"
"SARA","NETN",36,2,"dbh_80cm",0.78125,80,"SARA","#AACCA7"
"SARA","NETN",36,2,"dbh_90cm",0,90,"SARA","#AACCA7"
"SARA","NETN",36,2,"dbh_100cm",0,100,"SARA","#AACCA7"
"SARA","NETN",36,3,"dbh_10cm",169.53125,10,"SARA","#AACCA7"
"SARA","NETN",36,3,"dbh_20cm",89.84375,20,"SARA","#AACCA7"
"SARA","NETN",36,3,"dbh_30cm",53.125,30,"SARA","#AACCA7"
"SARA","NETN",36,3,"dbh_40cm",28.125,40,"SARA","#AACCA7"
"SARA","NETN",36,3,"dbh_50cm",14.0625,50,"SARA","#AACCA7"
"SARA","NETN",36,3,"dbh_60cm",6.25,60,"SARA","#AACCA7"
"SARA","NETN",36,3,"dbh_70cm",4.6875,70,"SARA","#AACCA7"
"SARA","NETN",36,3,"dbh_80cm",0.78125,80,"SARA","#AACCA7"
"SARA","NETN",36,3,"dbh_90cm",0,90,"SARA","#AACCA7"
"SARA","NETN",36,3,"dbh_100cm",0,100,"SARA","#AACCA7"
"THST","NCBN",11,1,"dbh_10cm",162.5,10,"THST","#CFB9D9"
"THST","NCBN",11,1,"dbh_20cm",65.625,20,"THST","#CFB9D9"
"THST","NCBN",11,1,"dbh_30cm",56.25,30,"THST","#CFB9D9"
"THST","NCBN",11,1,"dbh_40cm",46.875,40,"THST","#CFB9D9"
"THST","NCBN",11,1,"dbh_50cm",25,50,"THST","#CFB9D9"
"THST","NCBN",11,1,"dbh_60cm",12.5,60,"THST","#CFB9D9"
"THST","NCBN",11,1,"dbh_70cm",3.125,70,"THST","#CFB9D9"
"THST","NCBN",11,1,"dbh_80cm",0,80,"THST","#CFB9D9"
"THST","NCBN",11,1,"dbh_90cm",0,90,"THST","#CFB9D9"
"THST","NCBN",11,1,"dbh_100cm",3.125,100,"THST","#CFB9D9"
"THST","NCBN",11,2,"dbh_10cm",150,10,"THST","#CFB9D9"
"THST","NCBN",11,2,"dbh_20cm",56.25,20,"THST","#CFB9D9"
"THST","NCBN",11,2,"dbh_30cm",59.375,30,"THST","#CFB9D9"
"THST","NCBN",11,2,"dbh_40cm",40.625,40,"THST","#CFB9D9"
"THST","NCBN",11,2,"dbh_50cm",28.125,50,"THST","#CFB9D9"
"THST","NCBN",11,2,"dbh_60cm",15.625,60,"THST","#CFB9D9"
"THST","NCBN",11,2,"dbh_70cm",3.125,70,"THST","#CFB9D9"
"THST","NCBN",11,2,"dbh_80cm",0,80,"THST","#CFB9D9"
"THST","NCBN",11,2,"dbh_90cm",0,90,"THST","#CFB9D9"
"THST","NCBN",11,2,"dbh_100cm",3.125,100,"THST","#CFB9D9"
"THST","NCBN",11,3,"dbh_10cm",153.125,10,"THST","#CFB9D9"
"THST","NCBN",11,3,"dbh_20cm",59.375,20,"THST","#CFB9D9"
"THST","NCBN",11,3,"dbh_30cm",43.75,30,"THST","#CFB9D9"
"THST","NCBN",11,3,"dbh_40cm",43.75,40,"THST","#CFB9D9"
"THST","NCBN",11,3,"dbh_50cm",31.25,50,"THST","#CFB9D9"
"THST","NCBN",11,3,"dbh_60cm",12.5,60,"THST","#CFB9D9"
"THST","NCBN",11,3,"dbh_70cm",3.125,70,"THST","#CFB9D9"
"THST","NCBN",11,3,"dbh_80cm",0,80,"THST","#CFB9D9"
"THST","NCBN",11,3,"dbh_90cm",0,90,"THST","#CFB9D9"
"THST","NCBN",11,3,"dbh_100cm",3.125,100,"THST","#CFB9D9"
"VAFO","MIDN",26,1,"dbh_10cm",185.714285714286,10,"VAFO","#E7CDA4"
"VAFO","MIDN",26,1,"dbh_20cm",97.3214285714286,20,"VAFO","#E7CDA4"
"VAFO","MIDN",26,1,"dbh_30cm",47.3214285714286,30,"VAFO","#E7CDA4"
"VAFO","MIDN",26,1,"dbh_40cm",28.5714285714286,40,"VAFO","#E7CDA4"
"VAFO","MIDN",26,1,"dbh_50cm",23.2142857142857,50,"VAFO","#E7CDA4"
"VAFO","MIDN",26,1,"dbh_60cm",11.6071428571429,60,"VAFO","#E7CDA4"
"VAFO","MIDN",26,1,"dbh_70cm",2.67857142857143,70,"VAFO","#E7CDA4"
"VAFO","MIDN",26,1,"dbh_80cm",3.57142857142857,80,"VAFO","#E7CDA4"
"VAFO","MIDN",26,1,"dbh_90cm",1.78571428571429,90,"VAFO","#E7CDA4"
"VAFO","MIDN",26,1,"dbh_100cm",1.78571428571429,100,"VAFO","#E7CDA4"
"VAFO","MIDN",26,2,"dbh_10cm",178.571428571429,10,"VAFO","#E7CDA4"
"VAFO","MIDN",26,2,"dbh_20cm",98.2142857142857,20,"VAFO","#E7CDA4"
"VAFO","MIDN",26,2,"dbh_30cm",45.5357142857143,30,"VAFO","#E7CDA4"
"VAFO","MIDN",26,2,"dbh_40cm",28.5714285714286,40,"VAFO","#E7CDA4"
"VAFO","MIDN",26,2,"dbh_50cm",27.6785714285714,50,"VAFO","#E7CDA4"
"VAFO","MIDN",26,2,"dbh_60cm",11.6071428571429,60,"VAFO","#E7CDA4"
"VAFO","MIDN",26,2,"dbh_70cm",3.57142857142857,70,"VAFO","#E7CDA4"
"VAFO","MIDN",26,2,"dbh_80cm",3.57142857142857,80,"VAFO","#E7CDA4"
"VAFO","MIDN",26,2,"dbh_90cm",1.78571428571429,90,"VAFO","#E7CDA4"
"VAFO","MIDN",26,2,"dbh_100cm",1.78571428571429,100,"VAFO","#E7CDA4"
"VAFO","MIDN",26,3,"dbh_10cm",164.285714285714,10,"VAFO","#E7CDA4"
"VAFO","MIDN",26,3,"dbh_20cm",88.3928571428571,20,"VAFO","#E7CDA4"
"VAFO","MIDN",26,3,"dbh_30cm",47.3214285714286,30,"VAFO","#E7CDA4"
"VAFO","MIDN",26,3,"dbh_40cm",32.1428571428571,40,"VAFO","#E7CDA4"
"VAFO","MIDN",26,3,"dbh_50cm",28.5714285714286,50,"VAFO","#E7CDA4"
"VAFO","MIDN",26,3,"dbh_60cm",11.6071428571429,60,"VAFO","#E7CDA4"
"VAFO","MIDN",26,3,"dbh_70cm",4.46428571428571,70,"VAFO","#E7CDA4"
"VAFO","MIDN",26,3,"dbh_80cm",1.78571428571429,80,"VAFO","#E7CDA4"
"VAFO","MIDN",26,3,"dbh_90cm",3.57142857142857,90,"VAFO","#E7CDA4"
"VAFO","MIDN",26,3,"dbh_100cm",1.78571428571429,100,"VAFO","#E7CDA4"
"WEFA","NETN",33,1,"dbh_10cm",145,10,"WEFA","#AACCA7"
"WEFA","NETN",33,1,"dbh_20cm",120,20,"WEFA","#AACCA7"
"WEFA","NETN",33,1,"dbh_30cm",82.5,30,"WEFA","#AACCA7"
"WEFA","NETN",33,1,"dbh_40cm",27.5,40,"WEFA","#AACCA7"
"WEFA","NETN",33,1,"dbh_50cm",30,50,"WEFA","#AACCA7"
"WEFA","NETN",33,1,"dbh_60cm",7.5,60,"WEFA","#AACCA7"
"WEFA","NETN",33,1,"dbh_70cm",5,70,"WEFA","#AACCA7"
"WEFA","NETN",33,1,"dbh_80cm",0,80,"WEFA","#AACCA7"
"WEFA","NETN",33,1,"dbh_90cm",0,90,"WEFA","#AACCA7"
"WEFA","NETN",33,1,"dbh_100cm",0,100,"WEFA","#AACCA7"
"WEFA","NETN",33,2,"dbh_10cm",127.5,10,"WEFA","#AACCA7"
"WEFA","NETN",33,2,"dbh_20cm",120,20,"WEFA","#AACCA7"
"WEFA","NETN",33,2,"dbh_30cm",85,30,"WEFA","#AACCA7"
"WEFA","NETN",33,2,"dbh_40cm",25,40,"WEFA","#AACCA7"
"WEFA","NETN",33,2,"dbh_50cm",32.5,50,"WEFA","#AACCA7"
"WEFA","NETN",33,2,"dbh_60cm",10,60,"WEFA","#AACCA7"
"WEFA","NETN",33,2,"dbh_70cm",2.5,70,"WEFA","#AACCA7"
"WEFA","NETN",33,2,"dbh_80cm",2.5,80,"WEFA","#AACCA7"
"WEFA","NETN",33,2,"dbh_90cm",0,90,"WEFA","#AACCA7"
"WEFA","NETN",33,2,"dbh_100cm",0,100,"WEFA","#AACCA7"
"WEFA","NETN",33,3,"dbh_10cm",107.5,10,"WEFA","#AACCA7"
"WEFA","NETN",33,3,"dbh_20cm",112.5,20,"WEFA","#AACCA7"
"WEFA","NETN",33,3,"dbh_30cm",82.5,30,"WEFA","#AACCA7"
"WEFA","NETN",33,3,"dbh_40cm",22.5,40,"WEFA","#AACCA7"
"WEFA","NETN",33,3,"dbh_50cm",37.5,50,"WEFA","#AACCA7"
"WEFA","NETN",33,3,"dbh_60cm",12.5,60,"WEFA","#AACCA7"
"WEFA","NETN",33,3,"dbh_70cm",2.5,70,"WEFA","#AACCA7"
"WEFA","NETN",33,3,"dbh_80cm",2.5,80,"WEFA","#AACCA7"
"WEFA","NETN",33,3,"dbh_90cm",0,90,"WEFA","#AACCA7"
"WEFA","NETN",33,3,"dbh_100cm",0,100,"WEFA","#AACCA7"
"WOTR","NCRN",16,1,"dbh_10cm",152.081034433976,10,"WOTR","#E1E59B"
"WOTR","NCRN",16,1,"dbh_20cm",102.566279036867,20,"WOTR","#E1E59B"
"WOTR","NCRN",16,1,"dbh_30cm",74.2721330956625,30,"WOTR","#E1E59B"
"WOTR","NCRN",16,1,"dbh_40cm",38.9044506691566,40,"WOTR","#E1E59B"
"WOTR","NCRN",16,1,"dbh_50cm",28.2941459412048,50,"WOTR","#E1E59B"
"WOTR","NCRN",16,1,"dbh_60cm",3.5367682426506,60,"WOTR","#E1E59B"
"WOTR","NCRN",16,1,"dbh_70cm",0,70,"WOTR","#E1E59B"
"WOTR","NCRN",16,1,"dbh_80cm",0,80,"WOTR","#E1E59B"
"WOTR","NCRN",16,1,"dbh_90cm",3.5367682426506,90,"WOTR","#E1E59B"
"WOTR","NCRN",16,1,"dbh_100cm",0,100,"WOTR","#E1E59B"
"WOTR","NCRN",16,2,"dbh_10cm",195.701176093333,10,"WOTR","#E1E59B"
"WOTR","NCRN",16,2,"dbh_20cm",91.9559743089155,20,"WOTR","#E1E59B"
"WOTR","NCRN",16,2,"dbh_30cm",68.3775193579115,30,"WOTR","#E1E59B"
"WOTR","NCRN",16,2,"dbh_40cm",37.7255279216064,40,"WOTR","#E1E59B"
"WOTR","NCRN",16,2,"dbh_50cm",28.2941459412048,50,"WOTR","#E1E59B"
"WOTR","NCRN",16,2,"dbh_60cm",14.1470729706024,60,"WOTR","#E1E59B"
"WOTR","NCRN",16,2,"dbh_70cm",0,70,"WOTR","#E1E59B"
"WOTR","NCRN",16,2,"dbh_80cm",0,80,"WOTR","#E1E59B"
"WOTR","NCRN",16,2,"dbh_90cm",2.3578454951004,90,"WOTR","#E1E59B"
"WOTR","NCRN",16,2,"dbh_100cm",0,100,"WOTR","#E1E59B"
"WOTR","NCRN",16,3,"dbh_10cm",174.480566637429,10,"WOTR","#E1E59B"
"WOTR","NCRN",16,3,"dbh_20cm",82.5245923285139,20,"WOTR","#E1E59B"
"WOTR","NCRN",16,3,"dbh_30cm",70.7353648530119,30,"WOTR","#E1E59B"
"WOTR","NCRN",16,3,"dbh_40cm",37.7255279216064,40,"WOTR","#E1E59B"
"WOTR","NCRN",16,3,"dbh_50cm",28.2941459412048,50,"WOTR","#E1E59B"
"WOTR","NCRN",16,3,"dbh_60cm",18.8627639608032,60,"WOTR","#E1E59B"
"WOTR","NCRN",16,3,"dbh_70cm",0,70,"WOTR","#E1E59B"
"WOTR","NCRN",16,3,"dbh_80cm",0,80,"WOTR","#E1E59B"
"WOTR","NCRN",16,3,"dbh_90cm",2.3578454951004,90,"WOTR","#E1E59B"
"WOTR","NCRN",16,3,"dbh_100cm",0,100,"WOTR","#E1E59B"
